object_ctx_cache_total,node164_ceph-osd.0.asok.txt,node164_ceph-osd.1.asok.txt,node164_ceph-osd.7.asok.txt,node165_ceph-osd.2.asok.txt,node165_ceph-osd.3.asok.txt,node166_ceph-osd.4.asok.txt,node166_ceph-osd.5.asok.txt
0,41375,17850,45698,15659,36981,27003,31802
1,41375,17850,45698,15659,36982,27003,31802
2,41376,17850,45698,15659,36982,27003,31802
3,41376,17850,45698,15659,36982,27003,31802
4,41376,17850,45699,15659,36982,27003,31802
5,41376,17850,45699,15659,36983,27003,31802
6,41377,17850,45699,15659,36983,27003,31802
7,41377,17850,45699,15659,36983,27003,31802
8,41377,17850,45700,15659,36983,27003,31802
9,41377,17850,45700,15659,36984,27003,31802
10,41378,17850,45700,15659,36984,27003,31802
11,41378,17850,45700,15659,36984,27003,31802
12,41378,17850,45701,15659,36984,27003,31802
13,41378,17850,45701,15659,36984,27003,31802
14,41379,17850,45701,15659,36985,27003,31802
15,41379,17850,45701,15659,36985,27003,31802
16,41379,17850,45702,15659,36985,27003,31802
17,41379,17850,45702,15659,36985,27003,31802
18,41380,17850,45702,15659,36986,27003,31802
19,41380,17850,45702,15659,36986,27003,31802
20,41380,17850,45703,15659,36986,27003,31802
21,41380,17850,45703,15659,36986,27003,31802
22,41381,17850,45703,15659,36987,27003,31802
23,41381,17850,45703,15659,36987,27003,31802
24,41381,17850,45704,15659,36987,27003,31802
25,41381,17850,45704,15659,36987,27003,31802
26,41382,17850,45704,15659,36988,27003,31802
27,41382,17850,45704,15659,36988,27003,31802
28,41382,17850,45705,15659,36988,27003,31802
29,41382,17850,45705,15659,36988,27003,31802
30,41383,17850,45705,15659,36988,27003,31802
31,41383,17850,45705,15659,36989,27003,31802
32,41383,17850,45706,15659,36989,27003,31802
33,41383,17850,45706,15659,36989,27003,31802
34,41384,17850,45706,15659,36989,27003,31802
35,41384,17850,45706,15659,36990,27003,31802
36,41384,17850,45707,15659,36990,27003,31802
37,41384,17850,45707,15659,36990,27003,31802
38,41385,17850,45707,15659,36990,27003,31802
39,41385,17850,45707,15659,36991,27003,31802
40,41385,17850,45708,15659,36991,27003,31802
41,41385,17850,45708,15659,36991,27003,31802
42,41386,17850,45708,Null,Null,27003,31802
43,41386,17850,45708,Null,Null,27003,31802
44,41386,17850,45709,Null,Null,27003,31802
45,41386,17850,45709,Null,Null,27003,31802
46,41386,17850,45709,Null,Null,27003,31802
47,41387,17850,45709,Null,Null,27003,31802
48,41387,17850,45710,Null,Null,27003,31802
49,41387,17850,45710,Null,Null,27003,31802
50,41387,17850,45710,Null,Null,27003,31802
51,41388,17850,45710,Null,Null,27003,31802
52,41388,17850,45710,Null,Null,27003,31802
53,41388,17850,45711,Null,Null,27003,31802
54,41388,17850,45711,Null,Null,27003,31802
55,41389,17850,45711,Null,Null,27003,31802
56,41389,17850,45711,Null,Null,27003,31802
57,41389,17850,45712,Null,Null,27003,31802
58,41389,17850,45712,Null,Null,27003,31802
59,41390,17850,45712,Null,Null,27003,31802
60,41390,17850,45712,Null,Null,27003,31802
61,41390,17850,45713,Null,Null,27003,31802
62,41390,17850,45713,Null,Null,27003,31802
63,41391,17850,45713,Null,Null,27003,31802
64,41391,17850,45713,Null,Null,27003,31802
65,41391,17850,45714,Null,Null,27003,31802
66,41391,17850,45714,Null,Null,27003,31802
67,41392,17850,45714,Null,Null,27003,31802
68,41392,17850,45714,Null,Null,27003,31802
69,41392,17850,45715,Null,Null,27003,31802
70,41392,17850,45715,Null,Null,27003,31802
71,41393,17850,45715,Null,Null,27003,31802
72,41393,17850,45715,Null,Null,27003,31802
73,41393,17850,45716,Null,Null,27003,31802
74,41393,17850,45716,Null,Null,27003,31802
75,41393,17850,45716,Null,Null,27003,31802
76,41394,17850,45716,Null,Null,27003,31802
77,41394,17850,45716,Null,Null,27003,31802
78,41394,17850,45717,Null,Null,27003,31802
79,41394,17850,45717,Null,Null,27003,31802
80,41394,17850,45717,Null,Null,27003,31802
81,41395,17850,45717,Null,Null,27003,31802
82,41395,17850,45717,Null,Null,27003,31802
83,41395,17850,45718,Null,Null,27003,31802
84,41395,17850,45718,Null,Null,27003,31802
85,41396,17850,45718,Null,Null,27003,31802
86,41396,17850,45718,Null,Null,27003,31802
87,41396,17850,45718,Null,Null,27003,31802
88,41396,17850,45719,Null,Null,27003,31802
89,41396,17850,45719,Null,Null,27003,31802
90,41397,17850,45719,Null,Null,27003,31802
91,41397,17850,45719,Null,Null,27003,31802
92,41397,17850,45720,Null,Null,27003,31802
93,41397,17850,45720,Null,Null,27003,31802
94,41397,17850,45720,Null,Null,27003,31802
95,41398,17850,45720,Null,Null,27003,31802
96,41398,17850,45720,Null,Null,27003,31802
97,41398,17850,45721,Null,Null,27003,31802
98,41398,17850,45721,Null,Null,27003,31802
99,41398,17850,45721,Null,Null,27003,31802
100,41399,17850,45721,Null,Null,27003,31802
101,41399,17850,45721,Null,Null,27003,31802
102,41399,17850,45722,Null,Null,27003,31802
103,41399,17850,45722,Null,Null,27003,31802
104,41399,17850,45722,Null,Null,27003,31802
105,41400,17850,45722,Null,Null,27003,31802
106,41400,17850,45722,Null,Null,27003,31802
107,41400,17850,45723,Null,Null,27003,31802
108,41400,17850,45723,Null,Null,27003,31802
109,41400,17850,45723,Null,Null,27003,31802
110,41401,17850,45723,Null,Null,27003,31802
111,41401,17850,45723,Null,Null,27003,31802
112,41401,17850,45724,Null,Null,27003,31802
113,41401,17850,45724,Null,Null,27003,31802
114,41401,17850,45724,Null,Null,27003,31802
115,41402,17850,45724,Null,Null,27003,31802
116,41402,17850,45724,Null,Null,27003,31802
117,41402,17850,45725,Null,Null,27003,31802
118,41402,17850,45725,Null,Null,27003,31802
119,41402,17850,45725,Null,Null,27003,31802
120,41403,17850,45725,Null,Null,27003,31802
121,41403,17850,45725,Null,Null,27003,31802
122,41403,17850,45726,Null,Null,27003,31802
123,41403,17850,45726,Null,Null,27003,31802
124,41403,17850,45726,Null,Null,27003,31802
125,41404,17850,45726,Null,Null,27003,31802
126,41404,17850,45726,Null,Null,27003,31802
127,41404,17850,45727,Null,Null,27003,31802
128,41404,17850,45727,Null,Null,27003,31802
129,41405,17850,45727,Null,Null,27003,31802
130,41405,17850,45727,Null,Null,27003,31802
131,41405,17850,45727,Null,Null,27003,31802
132,41405,17850,45728,Null,Null,27003,31802
133,41405,17850,45728,Null,Null,27003,31802
134,41406,17850,45728,Null,Null,27003,31802
135,41406,17850,45728,Null,Null,27003,31802
136,41406,17850,45728,Null,Null,27003,31802
137,41406,17850,45729,Null,Null,27003,31802
138,41406,17850,45729,Null,Null,27003,31802
139,41407,17850,45729,Null,Null,27003,31802
140,41407,17850,45729,Null,Null,27003,31802
141,41407,17850,45730,Null,Null,27003,31802
142,41407,17850,45730,Null,Null,27003,31802
143,41407,17850,45730,Null,Null,27003,31802
144,41408,17850,45730,Null,Null,27003,31802
145,41408,17850,45730,Null,Null,27003,31802
146,41408,17850,45731,Null,Null,27003,31802
147,41408,17850,45731,Null,Null,27003,31802
148,41408,17850,45731,Null,Null,27003,31802
149,41409,17850,45731,Null,Null,27003,31802
150,41409,17850,45731,Null,Null,27003,31802
151,Null,Null,Null,Null,Null,27003,31802
152,Null,Null,Null,Null,Null,27003,31802
153,Null,Null,Null,Null,Null,27003,31802
154,Null,Null,Null,Null,Null,27003,31802
155,Null,Null,Null,Null,Null,27003,31802
156,Null,Null,Null,Null,Null,27003,31802
157,Null,Null,Null,Null,Null,27003,31802
158,Null,Null,Null,Null,Null,27003,31802
159,Null,Null,Null,Null,Null,27003,31802
160,Null,Null,Null,Null,Null,27003,31802
161,Null,Null,Null,Null,Null,27003,31802
162,Null,Null,Null,Null,Null,27003,31802
163,Null,Null,Null,Null,Null,27003,31802
164,Null,Null,Null,Null,Null,27003,31802
165,Null,Null,Null,Null,Null,27003,31802
166,Null,Null,Null,Null,Null,27003,31802
167,Null,Null,Null,Null,Null,27003,31802
168,Null,Null,Null,Null,Null,27003,31802
169,Null,Null,Null,Null,Null,27003,31802
170,Null,Null,Null,Null,Null,27003,31802
171,Null,Null,Null,Null,Null,27003,31802
172,Null,Null,Null,Null,Null,27003,31802
173,Null,Null,Null,Null,Null,27003,31802
174,Null,Null,Null,Null,Null,27003,31802
175,Null,Null,Null,Null,Null,27003,31802
176,Null,Null,Null,Null,Null,27003,31802
177,Null,Null,Null,Null,Null,27003,31802
178,Null,Null,Null,Null,Null,27003,31802
179,Null,Null,Null,Null,Null,27003,31802
180,Null,Null,Null,Null,Null,27003,31802
181,Null,Null,Null,Null,Null,27003,31802
182,Null,Null,Null,Null,Null,27003,31802
183,Null,Null,Null,Null,Null,27003,31802
184,Null,Null,Null,Null,Null,27003,31802
185,Null,Null,Null,Null,Null,27003,31802
186,Null,Null,Null,Null,Null,27003,31802
187,Null,Null,Null,Null,Null,27003,31802
188,Null,Null,Null,Null,Null,27003,31802