journal_wr_bytes,node164_ceph-osd.0.asok.txt,node164_ceph-osd.1.asok.txt,node164_ceph-osd.7.asok.txt,node165_ceph-osd.2.asok.txt,node165_ceph-osd.3.asok.txt,node166_ceph-osd.4.asok.txt,node166_ceph-osd.5.asok.txt
0,0,0,0,0,0,0,0
1,0,0,0,0,0,0,0
2,0,0,0,0,0,0,0
3,0,0,0,0,0,0,0
4,0,0,0,0,0,0,0
5,0,0,0,0,0,0,0
6,0,0,0,0,0,0,0
7,0,0,0,0,0,0,0
8,0,0,0,0,0,0,0
9,0,0,0,0,0,0,0
10,0,0,0,0,0,0,0
11,0,0,0,0,0,0,0
12,0,0,0,0,0,0,0
13,0,0,0,0,0,0,0
14,0,0,0,0,0,0,0
15,0,0,0,0,0,0,0
16,0,0,0,0,0,0,0
17,0,0,0,0,0,0,0
18,0,0,0,0,0,0,0
19,0,0,0,0,0,0,0
20,0,0,0,0,0,0,0
21,0,0,0,0,0,0,0
22,0,0,0,0,0,0,0
23,0,0,0,0,0,0,0
24,0,0,0,0,0,0,0
25,0,33160.0,41829.0,0,0,0,0
26,39209.0,43447.0,45582.0,0,0,0,0
27,46686.0,41427.0,42841.0,44977.0,0,43663.0,38628.0
28,43105.0,42527.0,40111.0,38229.0,40136.0,42926.0,47056.0
29,42767.0,42331.0,40812.0,43536.0,39961.0,44286.0,38969.0
30,40442.0,39030.0,41218.0,39990.0,41762.0,39175.0,40280.0
31,38996.0,43545.0,39614.0,45069.0,39869.0,50241.0,40566.0
32,46495.0,39498.0,39125.0,44262.0,43297.0,42087.0,46162.0
33,40385.0,55351.0,45183.0,40543.0,39464.0,38962.0,45613.0
34,42130.0,54489.0,40189.0,45924.0,38523.0,52224.0,38943.0
35,45134.0,41295.0,63001.0,39782.0,45811.0,38781.0,40016.0
36,40022.0,40238.0,38744.0,43391.0,37146.0,39686.0,38841.0
37,39192.0,38649.0,38119.0,44265.0,38112.0,38945.0,39090.0
38,38086.0,45800.0,49263.0,41472.0,40118.0,44517.0,41298.0
39,42113.0,0,41072.0,40621.0,39460.0,43640.0,39126.0
40,40207.0,39992.0,39690.0,40207.0,38198.0,39168.0,40069.0
41,44796.0,42951.0,45831.0,37933.0,40471.0,44489.0,42422.0
42,38959.0,39526.0,39095.0,0,39661.0,40158.0,38574.0
43,43414.0,41439.0,39973.0,39503.0,0,43195.0,43471.0
44,40846.0,38932.0,38086.0,46759.0,37994.0,41437.0,42270.0
45,46333.0,38023.0,39029.0,38536.0,38739.0,38893.0,39128.0
46,47058.0,0,38321.0,48552.0,41275.0,46804.0,40034.0
47,40314.0,39134.0,41757.0,39768.0,41472.0,40165.0,44553.0
48,41368.0,38279.0,38868.0,45504.0,0,38832.0,38575.0
49,40221.0,48666.0,41964.0,40538.0,39854.0,44274.0,45752.0
50,45408.0,38429.0,43539.0,40215.0,39057.0,40127.0,38833.0
51,39450.0,39355.0,39073.0,39321.0,39402.0,40303.0,40143.0
52,0,43378.0,43042.0,43872.0,0,40500.0,45108.0
53,37689.0,38347.0,42521.0,40986.0,41102.0,38336.0,45193.0
54,41081.0,43500.0,40242.0,46303.0,39054.0,39196.0,40878.0
55,43821.0,46779.0,43533.0,38949.0,45534.0,41693.0,42052.0
56,39508.0,51417.0,40854.0,0,39317.0,37784.0,46254.0
57,47112.0,37827.0,40916.0,38373.0,40250.0,44769.0,41052.0
58,42748.0,39200.0,37408.0,40637.0,40286.0,42945.0,0
59,40801.0,42720.0,42256.0,39975.0,43366.0,39047.0,40677.0
60,39409.0,0,41961.0,39507.0,37481.0,41255.0,41096.0
61,41630.0,45703.0,37811.0,40000.0,50759.0,42269.0,41213.0
62,39753.0,40712.0,41600.0,39861.0,39707.0,40034.0,45410.0
63,43523.0,40517.0,39992.0,48375.0,42253.0,40682.0,42790.0
64,41562.0,39740.0,43258.0,40416.0,38710.0,40309.0,52205.0
65,38484.0,52994.0,54828.0,39896.0,41736.0,44301.0,38729.0
66,48645.0,44441.0,48605.0,39986.0,47265.0,0,39044.0
67,39686.0,40979.0,36864.0,42454.0,36864.0,39666.0,43164.0
68,40538.0,40712.0,40663.0,41910.0,44130.0,39639.0,42505.0
69,40182.0,0,41239.0,40737.0,44554.0,40036.0,41843.0
70,44986.0,37186.0,40641.0,39052.0,40761.0,40853.0,41385.0
71,49008.0,0,40277.0,41764.0,45312.0,40555.0,41312.0
72,44378.0,37514.0,44573.0,41200.0,39488.0,43240.0,40069.0
73,40755.0,38256.0,55389.0,39668.0,40960.0,40064.0,43011.0
74,0,45858.0,40440.0,39764.0,39720.0,40533.0,41855.0
75,42866.0,43045.0,47527.0,40839.0,38684.0,38040.0,39159.0
76,39263.0,39001.0,41446.0,41997.0,38755.0,39262.0,45284.0
77,40261.0,41468.0,42459.0,43822.0,41327.0,38593.0,47700.0
78,47689.0,0,41611.0,41994.0,38326.0,39537.0,41320.0
79,42646.0,40178.0,40712.0,40776.0,37186.0,37897.0,37926.0
80,39030.0,39157.0,39594.0,38912.0,40767.0,39498.0,38684.0
81,40364.0,41757.0,41052.0,44448.0,41761.0,45772.0,39686.0
82,44755.0,39708.0,49997.0,42218.0,41024.0,49258.0,46624.0
83,49194.0,41373.0,39072.0,46887.0,0,40104.0,40604.0
84,38676.0,43239.0,38569.0,40984.0,46056.0,39438.0,41608.0
85,41283.0,38395.0,40815.0,43876.0,36864.0,38286.0,41668.0
86,41196.0,54745.0,39249.0,39066.0,38792.0,38710.0,47181.0
87,46689.0,50063.0,38400.0,51996.0,44464.0,39988.0,45007.0
88,50464.0,0,46030.0,40208.0,39321.0,39944.0,39384.0
89,40052.0,0,44975.0,39229.0,40114.0,39763.0,39062.0
90,0,44138.0,46490.0,38723.0,39789.0,38530.0,45027.0
91,42443.0,38720.0,39273.0,42496.0,45855.0,39299.0,45564.0
92,39030.0,36864.0,38582.0,46379.0,42729.0,46330.0,0
93,38290.0,39614.0,41135.0,45982.0,45239.0,46341.0,42803.0
94,41976.0,40022.0,43829.0,38860.0,38684.0,42037.0,42093.0
95,41347.0,41647.0,47535.0,40019.0,43952.0,46803.0,43308.0
96,38735.0,42005.0,45851.0,41335.0,38824.0,40119.0,39355.0
97,38691.0,38313.0,42774.0,42815.0,43728.0,38402.0,46698.0
98,40712.0,45851.0,40211.0,38582.0,39479.0,39064.0,40303.0
99,38257.0,38395.0,38429.0,47559.0,38043.0,40490.0,43019.0
100,41652.0,43177.0,38240.0,50649.0,40630.0,39157.0,40061.0
101,37481.0,40948.0,40960.0,38395.0,44470.0,40889.0,40201.0
102,38926.0,42776.0,40896.0,41096.0,42427.0,39064.0,39519.0
103,38291.0,44145.0,52403.0,41636.0,40381.0,46330.0,38723.0
104,42480.0,39273.0,37513.0,46264.0,43433.0,40040.0,41427.0
105,42337.0,42399.0,44570.0,41003.0,39703.0,42190.0,41548.0
106,47339.0,37781.0,42618.0,39006.0,41993.0,48645.0,39853.0
107,41779.0,41781.0,41956.0,42203.0,39340.0,44160.0,39822.0
108,42659.0,41900.0,39175.0,36864.0,42325.0,44333.0,41023.0
109,39694.0,39666.0,38601.0,39407.0,38240.0,36935.0,39823.0
110,41514.0,41427.0,38510.0,39355.0,40410.0,45387.0,45265.0
111,51792.0,0,38797.0,39355.0,0,41775.0,40971.0
112,40841.0,0,39906.0,40364.0,41075.0,47293.0,42852.0
113,40057.0,39526.0,45675.0,43954.0,42060.0,43607.0,40717.0
114,42677.0,40246.0,41369.0,38899.0,40669.0,40992.0,39376.0
115,41221.0,40184.0,42041.0,38804.0,45193.0,42325.0,39371.0
116,41623.0,41793.0,42210.0,42650.0,0,42605.0,45707.0
117,38735.0,0,38317.0,43061.0,41520.0,41806.0,39359.0
118,38940.0,41102.0,45451.0,42546.0,42984.0,43904.0,42987.0
119,50551.0,38395.0,43640.0,39080.0,39921.0,39407.0,38995.0
120,44813.0,43872.0,38960.0,40960.0,39192.0,40699.0,42003.0
121,41402.0,0,42079.0,43204.0,0,52623.0,44915.0
122,40033.0,40639.0,40083.0,41320.0,37781.0,39497.0,38586.0
123,40294.0,38557.0,38921.0,38573.0,39226.0,40712.0,42504.0
124,43523.0,38569.0,41354.0,42354.0,38710.0,42767.0,0
125,47662.0,38566.0,42544.0,0,38502.0,39445.0,46661.0
126,38898.0,40448.0,39234.0,0,40286.0,42046.0,39332.0
127,40821.0,40512.0,41950.0,40871.0,46018.0,44447.0,0
128,40364.0,46129.0,44263.0,38923.0,42148.0,38772.0,37781.0
129,44862.0,40364.0,43074.0,39801.0,42933.0,39384.0,38119.0
130,45200.0,42095.0,41084.0,40583.0,47513.0,39725.0,39368.0
131,39853.0,44077.0,43308.0,41793.0,39154.0,39587.0,38420.0
132,39838.0,41441.0,48244.0,39265.0,44672.0,43056.0,37781.0
133,37774.0,40829.0,51031.0,40061.0,40023.0,42150.0,41223.0
134,45308.0,40022.0,41252.0,42757.0,41010.0,42767.0,44145.0
135,40587.0,44413.0,37721.0,41093.0,42380.0,40042.0,42075.0
136,40194.0,0,41635.0,39369.0,45337.0,0,39148.0
137,39660.0,38119.0,47068.0,42350.0,39091.0,40193.0,40960.0
138,49116.0,39720.0,40336.0,43603.0,39915.0,39389.0,40121.0
139,38922.0,36864.0,40989.0,39366.0,40046.0,38400.0,40652.0
140,42472.0,42173.0,39633.0,41065.0,40437.0,40789.0,38633.0
141,43448.0,43345.0,41012.0,37823.0,45814.0,38713.0,40554.0
142,41065.0,40735.0,41963.0,42726.0,40277.0,39415.0,40140.0
143,38068.0,41889.0,45564.0,47351.0,39490.0,49997.0,42999.0
144,40810.0,40455.0,41627.0,46318.0,38395.0,44854.0,43444.0
145,43091.0,0,39064.0,49410.0,46951.0,43759.0,39355.0
146,51400.0,41670.0,37186.0,43448.0,40985.0,42349.0,39355.0
147,39868.0,0,43948.0,41685.0,41652.0,36864.0,45040.0
148,40475.0,39192.0,44679.0,40033.0,38281.0,39520.0,46952.0
149,46981.0,40706.0,39796.0,41457.0,37514.0,37647.0,38407.0
150,46618.0,38522.0,40114.0,40672.0,42819.0,47683.0,38379.0
151,40347.0,38254.0,40594.0,39750.0,39631.0,41395.0,39030.0
152,41933.0,39877.0,39286.0,38129.0,40119.0,42002.0,48858.0
153,38053.0,45464.0,40052.0,45311.0,39662.0,45102.0,37779.0
154,43618.0,43369.0,38395.0,41906.0,38086.0,38280.0,39787.0
155,44850.0,0,39957.0,44133.0,46280.0,38209.0,39013.0
156,51256.0,41793.0,43137.0,39299.0,40022.0,40053.0,46994.0
157,40140.0,54914.0,45211.0,47667.0,44458.0,39054.0,43642.0
158,43814.0,40677.0,45619.0,38638.0,40399.0,40191.0,42933.0
159,39770.0,0,41034.0,40765.0,40832.0,44621.0,37647.0
160,38905.0,39873.0,0,39634.0,41023.0,38947.0,37781.0
161,36864.0,39636.0,40150.0,39323.0,39188.0,38193.0,47045.0
162,39289.0,37709.0,42256.0,40902.0,44621.0,42192.0,0
163,40354.0,38605.0,38437.0,39630.0,40867.0,41929.0,38709.0
164,46300.0,40348.0,38815.0,39318.0,44490.0,38529.0,45169.0
165,40659.0,41427.0,40099.0,41198.0,39686.0,42490.0,39669.0
166,39460.0,49173.0,49728.0,39525.0,39632.0,48160.0,45022.0
167,45524.0,38193.0,41793.0,40512.0,40133.0,43371.0,43889.0
168,39415.0,41936.0,39634.0,40115.0,44340.0,38392.0,39515.0
169,39225.0,40357.0,40712.0,38609.0,41117.0,39269.0,41850.0
170,38849.0,49911.0,43087.0,37561.0,37481.0,38755.0,40543.0
171,40725.0,39317.0,38969.0,40856.0,46360.0,41590.0,47499.0
172,43133.0,36864.0,39030.0,39755.0,44306.0,41095.0,37793.0
173,40100.0,38368.0,43182.0,43179.0,38233.0,39064.0,41144.0
174,42725.0,41235.0,39970.0,40615.0,45300.0,41952.0,39276.0
175,39589.0,38417.0,39212.0,38442.0,37799.0,39364.0,40067.0
176,40448.0,43366.0,40663.0,45516.0,42952.0,41757.0,42167.0
177,48162.0,42001.0,38777.0,39030.0,41677.0,38906.0,43202.0
178,38781.0,41771.0,38138.0,45762.0,41840.0,46819.0,42031.0
179,45524.0,36864.0,39539.0,40042.0,39836.0,40927.0,38966.0
180,45291.0,37659.0,38268.0,38114.0,43346.0,40261.0,40250.0
181,41824.0,40057.0,46103.0,40960.0,0,41427.0,40711.0
182,46271.0,45193.0,39464.0,38119.0,38086.0,38754.0,46502.0
183,42042.0,45056.0,39498.0,37893.0,0,38716.0,44393.0
184,0,39567.0,44486.0,37475.0,45663.0,40511.0,46324.0
185,40215.0,0,40256.0,44651.0,40022.0,37959.0,39598.0
186,40960.0,41609.0,40731.0,43459.0,40313.0,39898.0,40902.0
187,49267.0,39030.0,38779.0,42579.0,44373.0,39885.0,43189.0
188,45217.0,38582.0,37781.0,44137.0,37598.0,39344.0,40275.0
189,40022.0,39572.0,47237.0,51355.0,40448.0,43844.0,42125.0
190,45596.0,42535.0,37781.0,40960.0,40971.0,46708.0,39315.0
191,38177.0,40160.0,39683.0,43924.0,43448.0,41554.0,41161.0
192,45085.0,37417.0,39846.0,46230.0,41305.0,40070.0,44089.0
193,40704.0,41345.0,41104.0,43876.0,39614.0,39699.0,40039.0
194,38976.0,37846.0,41063.0,39737.0,39579.0,43170.0,39601.0
195,40175.0,44011.0,40869.0,39594.0,39866.0,40865.0,40928.0
196,40257.0,39476.0,41775.0,39686.0,40223.0,45719.0,47245.0
197,41014.0,41036.0,41546.0,47706.0,42578.0,43024.0,0
198,41750.0,39032.0,39489.0,39605.0,45877.0,40071.0,40022.0
199,47226.0,41381.0,44311.0,39692.0,41974.0,38296.0,42977.0
200,43484.0,39482.0,38116.0,43811.0,39605.0,48432.0,48206.0
201,42039.0,38710.0,38592.0,0,39686.0,39190.0,40722.0
202,38710.0,39468.0,42686.0,38886.0,38710.0,38247.0,37722.0
203,42819.0,0,40600.0,42166.0,39424.0,44704.0,39441.0
204,39431.0,38119.0,39557.0,42119.0,39684.0,48388.0,36864.0
205,38961.0,38395.0,50602.0,39048.0,41672.0,39030.0,38581.0
206,39141.0,0,42505.0,39258.0,39310.0,0,42799.0
207,39389.0,40865.0,40140.0,42546.0,41227.0,43308.0,47574.0
208,40364.0,39967.0,40531.0,39499.0,45095.0,40504.0,42187.0
209,39223.0,39125.0,43066.0,40026.0,40642.0,38996.0,38034.0
210,38673.0,43364.0,43490.0,39561.0,47400.0,40022.0,42930.0
211,39936.0,40677.0,42169.0,37768.0,39763.0,39888.0,39945.0
212,47235.0,40680.0,39523.0,44296.0,41463.0,40343.0,40790.0
213,40574.0,38502.0,40795.0,37368.0,38806.0,42430.0,40039.0
214,41583.0,0,43770.0,46231.0,38259.0,38482.0,44852.0
215,41246.0,0,46136.0,41539.0,41651.0,38413.0,38395.0
216,41813.0,41427.0,48274.0,40316.0,39822.0,42014.0,41582.0
217,48106.0,39338.0,47781.0,43262.0,37186.0,38395.0,42091.0
218,38844.0,46084.0,0,39065.0,39703.0,47863.0,39843.0
219,44795.0,0,44855.0,40369.0,38872.0,41984.0,38152.0
220,0,38568.0,41429.0,41036.0,38523.0,42916.0,41465.0
221,38512.0,40823.0,40347.0,40812.0,48661.0,42920.0,37830.0
222,42509.0,41003.0,40347.0,50361.0,44216.0,44891.0,41931.0
223,41296.0,0,47638.0,40007.0,46277.0,43164.0,42591.0
224,42933.0,39030.0,45667.0,41405.0,40554.0,44553.0,39044.0
225,41066.0,40736.0,42868.0,45216.0,37304.0,37514.0,38912.0
226,39338.0,39936.0,39232.0,39570.0,39469.0,42130.0,42811.0
227,42292.0,39720.0,41645.0,42687.0,44881.0,39355.0,40850.0
228,37647.0,39770.0,38624.0,38848.0,0,44864.0,45163.0
229,41793.0,43963.0,41251.0,44743.0,44294.0,40984.0,39071.0
230,39186.0,39720.0,41389.0,39623.0,39407.0,38562.0,44574.0
231,39053.0,38622.0,39172.0,42489.0,43449.0,40472.0,44682.0
232,40860.0,41415.0,48841.0,38847.0,39382.0,0,42058.0
233,40860.0,39594.0,43576.0,43308.0,44697.0,39355.0,39312.0
234,0,43808.0,40065.0,45802.0,41656.0,39048.0,38201.0
235,49712.0,41826.0,39376.0,40306.0,43873.0,43339.0,37186.0
236,44566.0,39148.0,40065.0,39853.0,38472.0,39210.0,39147.0
237,41793.0,38949.0,40796.0,40818.0,38034.0,38623.0,41678.0
238,38420.0,39847.0,39938.0,46195.0,45299.0,43602.0,40253.0
239,42776.0,40022.0,44689.0,37608.0,43872.0,45434.0,39858.0
240,41450.0,41427.0,44938.0,42131.0,38725.0,39414.0,38052.0
241,42170.0,38395.0,42427.0,42661.0,38424.0,46328.0,42582.0
242,37981.0,44306.0,42283.0,42339.0,42814.0,41410.0,44385.0
243,41215.0,0,40181.0,38960.0,42863.0,42981.0,39554.0
244,42470.0,40712.0,38082.0,40072.0,45008.0,37546.0,38936.0
245,0,42167.0,41354.0,40230.0,41999.0,39956.0,39657.0
246,44774.0,38684.0,40808.0,40683.0,39699.0,39867.0,38291.0
247,40185.0,39637.0,40960.0,39436.0,38570.0,39362.0,41184.0
248,48404.0,39088.0,39527.0,37499.0,39954.0,39477.0,45390.0
249,39713.0,44303.0,40353.0,41630.0,45265.0,42551.0,41894.0
250,39953.0,40519.0,45342.0,40379.0,38395.0,41792.0,46029.0
251,49160.0,44172.0,39714.0,39981.0,42337.0,39404.0,39686.0
252,44510.0,36910.0,42602.0,39739.0,40022.0,40332.0,41642.0
253,38710.0,39686.0,44542.0,37677.0,38365.0,41425.0,44241.0
254,39355.0,38197.0,43107.0,36969.0,36864.0,43008.0,42534.0
255,46179.0,38360.0,37347.0,46263.0,40130.0,42303.0,39603.0
256,44896.0,40114.0,41102.0,0,39376.0,50227.0,40741.0
257,42217.0,43735.0,41005.0,47109.0,40082.0,39621.0,39633.0
258,43073.0,38667.0,39714.0,40697.0,0,38763.0,38912.0
259,40294.0,37739.0,43568.0,41427.0,38552.0,42756.0,37781.0
260,43764.0,42325.0,41627.0,41605.0,0,46885.0,42293.0
261,47475.0,41373.0,43978.0,43075.0,55296.0,39040.0,39821.0
262,45556.0,46787.0,40931.0,39948.0,39109.0,39980.0,38963.0
263,39554.0,41714.0,45760.0,39748.0,41856.0,39558.0,40128.0
264,39617.0,42168.0,49444.0,40316.0,39030.0,41682.0,39634.0
265,0,40389.0,43478.0,42276.0,38335.0,38086.0,38586.0
266,41572.0,37860.0,44839.0,39335.0,44470.0,40830.0,46927.0
267,42548.0,36864.0,39080.0,42414.0,45430.0,38119.0,43171.0
268,44091.0,41511.0,42256.0,36864.0,43314.0,39335.0,52043.0
269,44492.0,42762.0,43064.0,42124.0,42955.0,41060.0,43172.0
270,42477.0,43732.0,37186.0,38071.0,0,40404.0,44339.0
271,44239.0,38279.0,38395.0,44592.0,44545.0,41699.0,0
272,46045.0,38086.0,0,44132.0,40001.0,40512.0,37449.0
273,48008.0,45016.0,42292.0,48392.0,38990.0,40455.0,46096.0
274,42633.0,44227.0,44675.0,44785.0,40748.0,40065.0,39524.0
275,52685.0,39986.0,40520.0,43209.0,38800.0,46431.0,39908.0
276,38279.0,42261.0,41059.0,42349.0,38928.0,41497.0,36864.0
277,40347.0,0,44158.0,38395.0,38570.0,40853.0,40114.0
278,41053.0,38900.0,39814.0,40126.0,42443.0,39686.0,44026.0
279,38581.0,46878.0,39030.0,39168.0,40972.0,0,45476.0
280,40906.0,42474.0,44239.0,38272.0,49279.0,57208.0,41627.0
281,41390.0,0,45650.0,41438.0,38580.0,44894.0,42837.0
282,42084.0,0,46300.0,41066.0,40695.0,57213.0,38058.0
283,43490.0,0,42522.0,39853.0,43508.0,40915.0,38395.0
284,42640.0,40889.0,39441.0,42417.0,39998.0,45163.0,40844.0
285,46244.0,44681.0,39355.0,45483.0,38495.0,42665.0,42130.0
286,45715.0,38289.0,39244.0,39422.0,43747.0,41200.0,39346.0
287,45851.0,39912.0,38560.0,41559.0,38256.0,38889.0,43387.0
288,41036.0,42157.0,41164.0,41525.0,0,39384.0,39969.0
289,39798.0,0,42903.0,45104.0,39652.0,38459.0,42015.0
290,40129.0,40262.0,47228.0,39057.0,40960.0,39633.0,41131.0
291,41980.0,39944.0,40730.0,42836.0,41461.0,44203.0,38843.0
292,42199.0,40391.0,45830.0,43594.0,42137.0,39757.0,40222.0
293,41821.0,39424.0,44494.0,44268.0,0,43071.0,41084.0
294,38520.0,44938.0,40135.0,37721.0,39378.0,42509.0,39059.0
295,50112.0,60494.0,40541.0,41101.0,47452.0,42406.0,41782.0
296,42576.0,40037.0,55666.0,42596.0,38204.0,38432.0,40057.0
297,40910.0,43836.0,36864.0,44000.0,43538.0,37966.0,42788.0
298,49152.0,39509.0,48586.0,39436.0,36864.0,39545.0,47192.0
299,43597.0,38570.0,40287.0,43863.0,38887.0,41071.0,39773.0
300,39402.0,37514.0,38400.0,42166.0,41594.0,46443.0,41854.0
301,38981.0,41917.0,44342.0,41067.0,39628.0,42454.0,38467.0
302,40093.0,38777.0,41131.0,41769.0,42634.0,39247.0,39560.0
303,39810.0,41742.0,44539.0,39372.0,44890.0,46567.0,38237.0
304,40190.0,41472.0,39835.0,42633.0,39871.0,39012.0,48656.0
305,38362.0,38240.0,41611.0,41382.0,42331.0,39081.0,39504.0
306,40175.0,40555.0,41172.0,44086.0,42283.0,39498.0,0
307,40806.0,37514.0,43874.0,37814.0,40082.0,38433.0,40287.0
308,43901.0,42546.0,37683.0,42185.0,41860.0,40522.0,37771.0
309,44670.0,39686.0,39845.0,44707.0,40213.0,40220.0,47267.0
310,39818.0,43327.0,41626.0,38710.0,41545.0,44566.0,39175.0
311,45265.0,41846.0,46014.0,41405.0,40856.0,40960.0,40677.0
312,0,40164.0,43346.0,40152.0,40405.0,41037.0,43436.0
313,43359.0,39157.0,38666.0,40538.0,39802.0,41047.0,49041.0
314,42868.0,41757.0,37376.0,40212.0,41662.0,39253.0,43494.0
315,46188.0,41889.0,41375.0,41125.0,43189.0,38253.0,37324.0
316,41710.0,42546.0,0,46594.0,41451.0,41522.0,38429.0
317,39853.0,39273.0,44641.0,41963.0,38912.0,37946.0,40281.0
318,37666.0,45976.0,43401.0,40022.0,40712.0,39797.0,42296.0
319,48201.0,39686.0,40960.0,40748.0,42559.0,42172.0,40572.0
320,37978.0,38710.0,43820.0,37481.0,39796.0,43567.0,39175.0
321,40796.0,38395.0,47768.0,41246.0,37860.0,45130.0,46362.0
322,40022.0,42166.0,44398.0,40022.0,39209.0,42214.0,40896.0
323,42361.0,38420.0,39953.0,41117.0,38086.0,46250.0,43384.0
324,40364.0,42029.0,42166.0,39691.0,38710.0,40854.0,43524.0
325,39291.0,38559.0,39538.0,40892.0,0,40399.0,41852.0
326,42255.0,41066.0,50279.0,42384.0,40975.0,41427.0,41329.0
327,39355.0,42457.0,42626.0,43283.0,43194.0,44108.0,45502.0
328,47322.0,38180.0,39461.0,39828.0,38053.0,46507.0,44843.0
329,41954.0,42303.0,41163.0,37640.0,53573.0,38934.0,39555.0
330,41595.0,46694.0,44816.0,41152.0,0,50872.0,37949.0
331,38901.0,43659.0,44015.0,40250.0,0,40289.0,40022.0
332,40098.0,50082.0,39131.0,38119.0,38744.0,40647.0,41501.0
333,0,42804.0,40387.0,40417.0,39964.0,42065.0,44129.0
334,47837.0,38676.0,42023.0,39047.0,40162.0,47726.0,39061.0
335,38661.0,0,42377.0,42897.0,37781.0,45264.0,42861.0
336,39629.0,42431.0,39847.0,40044.0,38744.0,47508.0,41133.0
337,43986.0,40057.0,44162.0,39859.0,41783.0,39692.0,47227.0
338,42410.0,41897.0,39355.0,44514.0,42313.0,38335.0,39630.0
339,38472.0,43349.0,37781.0,43275.0,41228.0,41311.0,0
340,45808.0,40364.0,40618.0,43829.0,41454.0,40969.0,40259.0
341,39652.0,40712.0,41877.0,38725.0,0,39645.0,44444.0
342,42952.0,40855.0,42041.0,41812.0,38552.0,39467.0,0
343,52371.0,38856.0,43220.0,40532.0,40364.0,40705.0,0
344,41093.0,41600.0,38970.0,40554.0,40712.0,38927.0,39324.0
345,38964.0,39235.0,38852.0,45658.0,38710.0,38395.0,41106.0
346,40431.0,39030.0,41467.0,45414.0,38395.0,41425.0,39063.0
347,38844.0,40222.0,43287.0,39530.0,39853.0,43086.0,0
348,38805.0,44791.0,42989.0,47445.0,43690.0,41518.0,38053.0
349,40737.0,0,40483.0,50861.0,45423.0,39550.0,39153.0
350,42730.0,0,38280.0,40928.0,45947.0,0,41183.0
351,45258.0,0,50861.0,42456.0,42501.0,38859.0,41499.0
352,46535.0,45891.0,39375.0,41793.0,40318.0,43330.0,52972.0
353,43174.0,45205.0,40352.0,42203.0,38102.0,37781.0,38567.0
354,38735.0,40815.0,46272.0,41573.0,39209.0,40584.0,38656.0
355,42472.0,38888.0,41650.0,39029.0,40689.0,49152.0,42594.0
356,39030.0,36910.0,38763.0,45015.0,43094.0,42842.0,44016.0
357,39465.0,38598.0,46691.0,39355.0,39981.0,43135.0,39720.0
358,39703.0,38145.0,38464.0,44561.0,45862.0,40034.0,41710.0
359,47014.0,48476.0,44803.0,44544.0,39564.0,0,41092.0
360,47128.0,0,42783.0,42339.0,49810.0,38710.0,39744.0
361,39649.0,38086.0,48151.0,44193.0,43784.0,45543.0,43398.0
362,37666.0,40364.0,39871.0,41990.0,41077.0,43651.0,40387.0
363,41345.0,40712.0,38742.0,43207.0,40045.0,40295.0,66764.0
364,37804.0,43880.0,43680.0,43720.0,39030.0,48843.0,45291.0
365,0,37933.0,40849.0,48747.0,39376.0,42409.0,40364.0
366,40520.0,38744.0,42469.0,45024.0,38415.0,40022.0,40421.0
367,48645.0,36864.0,43206.0,41716.0,39204.0,40520.0,38021.0
368,42546.0,47570.0,39853.0,43093.0,46044.0,0,43597.0
369,40022.0,44988.0,41208.0,39724.0,42970.0,38461.0,39831.0
370,40712.0,42212.0,46409.0,42545.0,39703.0,44646.0,44085.0
371,40712.0,0,0,45223.0,49655.0,50100.0,45409.0
372,44162.0,37814.0,46581.0,46538.0,43630.0,40797.0,43139.0
373,44977.0,37781.0,40876.0,41979.0,41134.0,39953.0,42462.0
374,42032.0,38744.0,41298.0,0,43968.0,44262.0,43754.0
375,44160.0,41391.0,45019.0,41979.0,38997.0,38086.0,42648.0
376,41667.0,40649.0,39337.0,39984.0,47363.0,40169.0,0
377,40100.0,52034.0,40867.0,45862.0,40571.0,39851.0,39723.0
378,44225.0,37781.0,49229.0,40571.0,43838.0,52420.0,43705.0
379,37767.0,0,40422.0,39849.0,38502.0,41665.0,51706.0
380,41463.0,43545.0,42994.0,36864.0,38864.0,40504.0,39993.0
381,41642.0,39041.0,49152.0,43181.0,0,40122.0,41765.0
382,43214.0,39869.0,39930.0,42738.0,40572.0,44892.0,41573.0
383,45936.0,43197.0,38253.0,40369.0,43875.0,41512.0,39765.0
384,38950.0,40504.0,41793.0,45294.0,39413.0,40538.0,48857.0
385,42360.0,45920.0,40712.0,48582.0,44886.0,41264.0,39321.0
386,41367.0,36927.0,46534.0,40332.0,40097.0,39955.0,42371.0
387,45503.0,37514.0,44153.0,45378.0,41867.0,38687.0,41775.0
388,40960.0,40057.0,43948.0,40924.0,38229.0,38710.0,45291.0
389,38758.0,41793.0,49367.0,45851.0,39952.0,40889.0,46991.0
390,44137.0,40022.0,39827.0,39389.0,43570.0,42407.0,39153.0
391,45893.0,40004.0,40642.0,38086.0,40471.0,40175.0,43108.0
392,40388.0,37941.0,39287.0,41445.0,38395.0,39853.0,40745.0
393,47433.0,45844.0,38710.0,0,39686.0,42933.0,41395.0
394,41750.0,45903.0,47204.0,38736.0,38710.0,39598.0,43714.0
395,52258.0,48640.0,47815.0,39678.0,38874.0,42546.0,43591.0
396,41902.0,41725.0,0,39950.0,40478.0,39922.0,45986.0
397,41038.0,46136.0,50244.0,37186.0,37626.0,42907.0,42285.0
398,43569.0,0,40253.0,38086.0,40129.0,37907.0,42180.0
399,39064.0,39403.0,39045.0,39801.0,42933.0,39628.0,40746.0
400,36928.0,43537.0,47097.0,39950.0,40057.0,45430.0,46779.0
401,42145.0,41034.0,42875.0,0,41793.0,41211.0,43252.0
402,42420.0,0,43951.0,39126.0,0,40547.0,44764.0
403,38603.0,36864.0,42203.0,38086.0,37957.0,37722.0,39150.0
404,40255.0,40055.0,38889.0,41047.0,42374.0,41066.0,42118.0
405,48355.0,41882.0,47544.0,43968.0,39808.0,41915.0,40040.0
406,39040.0,46371.0,38887.0,42551.0,40889.0,40052.0,0
407,46701.0,42546.0,44072.0,44968.0,0,40001.0,41148.0
408,43084.0,39686.0,39389.0,40587.0,40511.0,42715.0,40960.0
409,41289.0,41066.0,39760.0,42280.0,38869.0,44212.0,44438.0
410,40208.0,37949.0,39575.0,39936.0,40374.0,38518.0,0
411,45498.0,39873.0,45423.0,39237.0,42728.0,40429.0,37015.0
412,40022.0,40281.0,37863.0,38064.0,36864.0,42209.0,43523.0
413,41630.0,41856.0,41088.0,39853.0,43793.0,41602.0,0
414,45635.0,40924.0,41460.0,40499.0,39526.0,42996.0,0
415,39085.0,47140.0,39346.0,38458.0,38086.0,38672.0,37630.0
416,43220.0,39281.0,46528.0,42962.0,39720.0,37481.0,42401.0
417,42021.0,0,53696.0,39355.0,39337.0,43212.0,39231.0
418,41441.0,0,41429.0,40578.0,38912.0,42348.0,0
419,37636.0,0,39095.0,38686.0,38710.0,41052.0,45724.0
420,38841.0,40555.0,38912.0,47464.0,43839.0,41389.0,38952.0
421,52471.0,45423.0,40022.0,40247.0,45501.0,40712.0,39823.0
422,40019.0,39486.0,39030.0,42381.0,41466.0,0,39527.0
423,40388.0,38614.0,49458.0,39986.0,45125.0,41979.0,39365.0
424,39355.0,41928.0,46057.0,38720.0,42281.0,43781.0,41204.0
425,39420.0,0,45424.0,39235.0,42256.0,43606.0,38241.0
426,38765.0,38245.0,47644.0,38144.0,38250.0,39576.0,37781.0
427,40712.0,40008.0,40668.0,43894.0,44553.0,38057.0,42802.0
428,41066.0,39355.0,39736.0,48828.0,45278.0,41041.0,37342.0
429,40972.0,0,40565.0,41798.0,50241.0,46721.0,40982.0
430,37926.0,40329.0,47360.0,43289.0,43207.0,39854.0,41690.0
431,40157.0,44553.0,40382.0,42575.0,39880.0,43766.0,45478.0
432,43369.0,40376.0,38974.0,38423.0,44111.0,38986.0,40724.0
433,39517.0,41721.0,37701.0,40105.0,40502.0,41450.0,39530.0
434,0,38541.0,42469.0,44557.0,39030.0,40924.0,39954.0
435,41739.0,37273.0,39653.0,41080.0,40570.0,39885.0,49874.0
436,40286.0,0,42370.0,45946.0,41615.0,44212.0,50405.0
437,0,0,0,43282.0,40238.0,42803.0,43565.0
438,0,0,0,46320.0,0,44286.0,40573.0
439,0,0,0,42165.0,40744.0,0,41287.0
440,0,0,0,38486.0,39109.0,42546.0,43830.0
441,0,0,0,40778.0,38710.0,37481.0,40586.0
442,0,0,0,43637.0,42586.0,38322.0,39611.0
443,0,0,0,46407.0,40584.0,41744.0,41298.0
444,0,0,0,43421.0,38636.0,40193.0,39621.0
445,0,0,0,40410.0,39559.0,37813.0,44007.0
446,0,0,0,37588.0,44979.0,40992.0,44190.0
447,0,0,0,41487.0,40270.0,43934.0,48190.0
448,0,4096.0,0,41601.0,38395.0,42432.0,40596.0
449,4096.0,0,0,39870.0,42739.0,38779.0,0
450,0,0,0,44977.0,39680.0,39726.0,45193.0
451,0,0,0,39690.0,43529.0,38229.0,38710.0
452,0,0,0,39729.0,40430.0,40923.0,48029.0
453,0,0,0,44315.0,40264.0,40748.0,39369.0
454,0,0,0,40129.0,39789.0,39264.0,42377.0
455,0,0,0,42900.0,42527.0,47908.0,39013.0
456,0,0,0,39729.0,40452.0,41532.0,45108.0
457,0,0,0,43474.0,39792.0,39685.0,48128.0
458,0,0,0,47275.0,40263.0,43008.0,42917.0
459,0,0,0,0,0,39187.0,37397.0
460,0,0,0,0,0,0,0
461,0,0,0,0,0,0,0
462,0,0,0,0,0,0,0
463,0,0,0,0,0,0,0
464,0,0,0,0,0,0,0
465,0,0,0,0,0,0,0
466,0,0,0,0,0,0,0
467,0,0,0,0,0,0,0
468,0,0,0,0,0,0,0
469,0,0,0,0,0,0,0
470,0,0,0,0,0,0,0
471,0,0,0,0,0,0,0
472,0,0,0,4096.0,0,4096.0,0
473,0,0,0,0,0,0,0
474,0,0,0,0,0,0,0
475,0,0,0,0,0,0,0
476,0,0,0,0,0,0,0
477,0,0,0,0,0,0,0
478,0,0,0,0,0,0,0
479,0,0,0,0,0,0,0
480,0,0,0,0,0,0,0
481,0,0,0,0,0,0,0
482,0,0,0,0,0,0,0
483,0,0,0,0,0,0,0
484,0,0,0,0,0,0,0
485,0,0,0,0,0,0,0
486,0,0,0,0,0,0,0
487,0,0,0,0,0,0,0
488,0,0,0,0,0,0,0
489,0,0,0,0,0,0,0
490,0,0,0,0,0,0,0
491,0,0,0,0,0,0,0
492,0,0,0,0,0,0,0
493,0,0,0,0,0,0,0
494,0,0,0,0,0,0,0
495,0,0,0,0,0,0,0
496,0,0,0,0,0,0,0
497,0,0,0,0,0,0,0
498,0,0,0,0,0,0,0
499,0,0,0,0,0,0,0
500,0,0,0,0,0,0,0
501,0,0,0,0,0,0,0
502,0,0,0,0,0,0,0
503,0,0,0,0,0,0,0
504,0,0,0,0,0,0,0
505,0,0,0,0,0,0,0
506,0,0,0,0,0,0,0
507,0,0,0,0,0,0,0
508,0,0,0,0,0,0,0
509,0,0,0,0,0,0,0
510,0,0,0,0,0,0,0
511,0,0,0,0,0,0,0
512,0,0,0,0,0,0,0
513,0,0,0,0,0,0,0
514,0,0,0,0,0,0,0
515,Null,Null,0,0,0,0,0
516,Null,Null,Null,0,0,0,0
517,Null,Null,Null,0,0,0,0
518,Null,Null,Null,0,0,0,0
519,Null,Null,Null,0,0,0,0
520,Null,Null,Null,0,0,0,0
521,Null,Null,Null,0,0,0,0
522,Null,Null,Null,0,0,0,0
523,Null,Null,Null,0,0,0,0
524,Null,Null,Null,0,0,0,0
525,Null,Null,Null,0,0,0,0
526,Null,Null,Null,0,0,0,0
527,Null,Null,Null,0,0,0,0
528,Null,Null,Null,0,0,0,0
529,Null,Null,Null,0,0,0,0
530,Null,Null,Null,0,0,0,0
531,Null,Null,Null,0,0,0,0
532,Null,Null,Null,0,0,0,0
533,Null,Null,Null,0,0,0,0
534,Null,Null,Null,0,0,0,0
535,Null,Null,Null,0,0,0,0
536,Null,Null,Null,0,0,0,0
537,Null,Null,Null,0,0,0,0
538,Null,Null,Null,0,0,0,0
539,Null,Null,Null,0,0,0,0
540,Null,Null,Null,0,0,0,0
541,Null,Null,Null,0,0,0,0
542,Null,Null,Null,0,0,0,0
543,Null,Null,Null,0,0,0,0
544,Null,Null,Null,0,0,0,0
545,Null,Null,Null,0,0,0,0
546,Null,Null,Null,0,0,0,0
547,Null,Null,Null,0,0,0,0
548,Null,Null,Null,0,0,0,0
549,Null,Null,Null,0,0,0,0
550,Null,Null,Null,0,0,0,0
551,Null,Null,Null,0,0,0,0
552,Null,Null,Null,0,0,0,0
553,Null,Null,Null,0,0,0,0
554,Null,Null,Null,0,0,0,0
555,Null,Null,Null,0,0,0,0
556,Null,Null,Null,0,0,0,0
557,Null,Null,Null,0,0,0,0
558,Null,Null,Null,0,0,0,0
559,Null,Null,Null,0,0,0,0
560,Null,Null,Null,0,0,0,0
561,Null,Null,Null,0,0,0,0
562,Null,Null,Null,0,0,0,0
563,Null,Null,Null,Null,Null,0,0
564,Null,Null,Null,Null,Null,0,0
565,Null,Null,Null,Null,Null,0,0
566,Null,Null,Null,Null,Null,0,0
567,Null,Null,Null,Null,Null,0,0
568,Null,Null,Null,Null,Null,0,0
569,Null,Null,Null,Null,Null,0,0
570,Null,Null,Null,Null,Null,0,0
571,Null,Null,Null,Null,Null,0,0
572,Null,Null,Null,Null,Null,0,0
573,Null,Null,Null,Null,Null,0,0
574,Null,Null,Null,Null,Null,0,0
575,Null,Null,Null,Null,Null,0,0
576,Null,Null,Null,Null,Null,0,0
577,Null,Null,Null,Null,Null,0,0
578,Null,Null,Null,Null,Null,0,0
579,Null,Null,Null,Null,Null,0,0
580,Null,Null,Null,Null,Null,0,0
581,Null,Null,Null,Null,Null,0,0
582,Null,Null,Null,Null,Null,0,0
583,Null,Null,Null,Null,Null,0,0
584,Null,Null,Null,Null,Null,0,0
585,Null,Null,Null,Null,Null,0,0
586,Null,Null,Null,Null,Null,0,0