op_w_latency,node164_ceph-osd.0.asok.txt,node164_ceph-osd.1.asok.txt,node164_ceph-osd.7.asok.txt,node165_ceph-osd.2.asok.txt,node165_ceph-osd.3.asok.txt,node166_ceph-osd.4.asok.txt,node166_ceph-osd.5.asok.txt
0,0,0,0,0,0,0,0
1,0,0,0,0,0,0,0
2,0,0,0,0,0,0,0
3,0,0,0,0,0,0,0
4,0,0,0,0,0,0,0
5,0,0,0,0,0,0,0
6,0,0,0,0,0,0,0
7,0,0,0,0,0,0,0
8,0,0,0,0,0,0,0
9,0,0,0,0,0,0,0
10,0,0,0,0,0,0,0
11,0,0,0,0,0,0,0
12,0,0,0,0,0,0,0
13,0,0,0,0,0,0,0
14,0,0,0,0,0,0,0
15,0,0,0,0,0,0,0
16,0,0,0,0,0,0,0
17,0,0,0,0,0,0,0
18,0,0,0,0,0,0,0
19,0,0,0,0,0,0,0
20,0,0,0,0,0,0,0
21,0,0,0,0,0,0,0
22,0,0,0,0,0,0,0
23,0,0,0,0,0,0,0
24,0,0,0,0,0,0,0
25,0,0.01785,0,0,0,0,0
26,0.022493,0.008124,0.014334,0,0,0,0
27,0.025419,0.015863,0.010595,0.010171,0,0.009895,0.016009
28,0.020782,0.007097,0.021771,0,0.018463,0.013343,0.024713
29,0.032464,0.019621,0.017792,0,0,0.014585,0.027563
30,0.013053,0,0.019409,0,0.012685,0,0.017737
31,0.026463,0.030872,0.017911,0,0.020207,0.0067,0
32,0.015587,0,0.014628,0.009187,0,0.015551,0.009221
33,0.023081,0,0.013684,0,0.01112,0,0.030097
34,0,0,0.007737,0.010238,0.025843,0,0.015647
35,0.007795,0,0.016225,0.010203,0.007539,0.015337,0.017669
36,0.018616,0,0,0.008576,0.029182,0.021058,0.014799
37,0.020412,0.019089,0.024268,0.021649,0.014954,0.021954,0.01208
38,0.01581,0.010507,0.051768,0.011787,0.026017,0.016216,0.014915
39,0.017691,0,0.025482,0.019135,0.016599,0.014048,0.020598
40,0.026598,0.012864,0.027728,0.016615,0.008445,0.024126,0.007982
41,0.014446,0.022542,0.01612,0.021082,0.018625,0.020715,0.019252
42,0.021354,0,0.023688,0,0,0.017752,0.022942
43,0,0.021047,0.02453,0,0,0.012454,0.023342
44,0.026539,0.016989,0,0,0.011279,0.020892,0.018639
45,0.013098,0.022163,0.023638,0.018728,0.020646,0.019898,0.01828
46,0.012205,0,0.022686,0,0,0.014372,0.022024
47,0.0233,0.02044,0.023119,0,0,0.018182,0.020414
48,0.019355,0.021629,0.021586,0.015564,0,0,0.023966
49,0.018557,0.00744,0.024055,0.025461,0,0.014084,0.019195
50,0,0.019948,0.014218,0,0.018774,0,0.020992
51,0.020472,0.019904,0.016602,0,0.019069,0,0.021047
52,0,0,0.016559,0.007773,0,0.024797,0.014043
53,0.015068,0.025305,0,0.019906,0,0.022335,0.016606
54,0.020783,0,0.021515,0.010735,0.021744,0.007721,0.011531
55,0.025113,0,0.026363,0.01712,0.019498,0.021356,0.032381
56,0.021089,0.011316,0.022157,0,0.017775,0.019456,0.0224
57,0.020576,0.022707,0.024307,0.021352,0,0.010751,0
58,0.019115,0,0.024406,0,0.012184,0.014119,0
59,0.023686,0,0.021894,0.011362,0.021674,0.022969,0.014478
60,0.016401,0,0.019192,0.024778,0,0.01161,0
61,0.023786,0.015506,0.02483,0,0.009584,0.022185,0.008228
62,0.022703,0.02502,0,0,0,0.021665,0.01378
63,0.020353,0.019866,0.009831,0.010138,0,0,0.021951
64,0.020948,0.02283,0.022204,0.008156,0.021543,0.015928,0
65,0.023617,0.010618,0.012109,0.016429,0,0.013846,0.023664
66,0.007846,0.02685,0.014456,0.020835,0.016238,0,0.013865
67,0,0.020995,0.022718,0,0.008335,0.020361,0.013857
68,0.014253,0.018994,0.01378,0,0.021399,0.016335,0.020356
69,0.019168,0,0.019391,0.009904,0,0.020143,0.021433
70,0.026257,0,0.020776,0.018358,0.016234,0.019777,0.018061
71,0.020282,0,0.021182,0.019872,0.011257,0.021356,0.021381
72,0.008933,0,0.013286,0.023361,0,0.014895,0
73,0.019871,0.012106,0.009847,0,0,0.019369,0.01323
74,0,0.024672,0.024086,0,0.018979,0.021484,0.024425
75,0.016251,0.021386,0.011297,0.011775,0,0.017191,0
76,0.020554,0.022979,0.017154,0.018417,0.011942,0.01973,0.021166
77,0.012512,0.023252,0.012523,0,0.019317,0.022464,0.012465
78,0.015406,0,0.016303,0,0.018287,0,0.01714
79,0.013509,0.021935,0.030112,0,0,0.019807,0.02408
80,0.022055,0.01665,0.014784,0,0.011932,0.021245,0.022377
81,0.022912,0.008719,0.0152,0.013668,0,0.015529,0
82,0.013232,0.021375,0.009385,0,0.015226,0.017421,0.015422
83,0.009906,0,0.028458,0.013198,0,0,0.023224
84,0.021935,0.018982,0.023129,0,0.007533,0.025405,0.018037
85,0,0.022005,0.01798,0,0.005935,0.012746,0
86,0,0.013166,0.019957,0,0.010856,0.022892,0.012334
87,0.015693,0.016194,0.019738,0.013783,0,0,0.013914
88,0.011536,0,0.008947,0.023497,0,0.024932,0.023706
89,0,0,0.015291,0.019534,0.020425,0.022053,0.03539
90,0,0.011686,0.013591,0,0.01742,0,0.017395
91,0.019717,0.023323,0.024874,0.026776,0,0.021658,0.014385
92,0.017063,0,0.011113,0.018649,0.016031,0.01138,0
93,0.019579,0.020544,0.023125,0.007207,0.012289,0.014288,0
94,0.021834,0.015483,0.018408,0.019714,0.020869,0.011889,0
95,0.014782,0,0.021728,0.019645,0.018028,0.00995,0
96,0.007249,0.021003,0.018271,0.021486,0.01627,0.015775,0.014027
97,0.016217,0.059451,0.01714,0,0.011015,0.023294,0.012402
98,0.012478,0,0.020436,0,0.017454,0.021019,0.017235
99,0,0,0.013044,0,0,0.014933,0
100,0.022187,0,0.026418,0,0.019496,0.012295,0.01322
101,0.023687,0,0.017177,0.020893,0.013978,0.02125,0.021094
102,0.022167,0.011206,0.023285,0.021564,0,0,0.023124
103,0.023306,0.014978,0.023166,0,0.036859,0.016321,0.014076
104,0.01256,0,0,0.021122,0.021539,0.019981,0.019466
105,0.028499,0,0.018401,0.019668,0.023946,0.01923,0.013843
106,0.01866,0.01576,0.020228,0.024802,0.023924,0.019557,0.022149
107,0.023315,0,0.023177,0.018918,0.015912,0.014277,0.015859
108,0,0.024074,0.027205,0,0.022323,0.021137,0.018406
109,0.020333,0.020628,0.021003,0.023336,0.010798,0.019817,0.009675
110,0.030345,0.014638,0.021457,0.024902,0.010671,0.014718,0.016302
111,0.012472,0,0.020353,0,0,0.024592,0.031129
112,0.017517,0,0.022266,0,0,0.018546,0.021526
113,0.024882,0.024972,0.024165,0.023078,0.017525,0.019976,0.021613
114,0.015544,0.016519,0.020872,0.021409,0.022472,0.020312,0.018843
115,0.014833,0.022951,0.022759,0,0,0.018164,0.024965
116,0,0.015526,0.02966,0.021316,0,0.017946,0.016368
117,0.024511,0,0.025228,0.016971,0,0.009753,0.022694
118,0.035408,0,0.010465,0.024457,0.018978,0.014185,0.015876
119,0.015955,0.020361,0.007673,0,0.020733,0,0.024367
120,0.013593,0,0.022916,0.021173,0.014529,0,0.019317
121,0,0,0.021917,0.012869,0,0.007726,0.012828
122,0.022922,0.02585,0.021838,0.021576,0,0.024506,0.020562
123,0.023477,0.020537,0.021872,0.024082,0.020088,0,0.029219
124,0.012587,0,0.020751,0.013529,0.015873,0.009785,0
125,0.022279,0,0.024266,0,0.020908,0.017528,0.024338
126,0.027739,0,0.020637,0,0.018535,0.017763,0.023335
127,0.024715,0.020923,0.021177,0.017627,0.014342,0.017129,0
128,0.023948,0.009371,0,0,0.024591,0.016569,0.028403
129,0.01202,0.020715,0.01397,0.023129,0,0.012711,0
130,0.018784,0.023719,0.024242,0,0.019975,0.02326,0.022387
131,0.015901,0.017546,0.022881,0,0.020517,0.019694,0.020245
132,0.032479,0.022039,0.009168,0.007378,0,0.020854,0.033214
133,0.026776,0.028642,0.016577,0.019436,0.02543,0.019176,0.024634
134,0.026323,0,0.026016,0.008118,0.024904,0.024426,0
135,0.018538,0.019193,0.024564,0.019481,0,0.016092,0.021808
136,0.012179,0,0.018091,0.020763,0.013387,0,0.019828
137,0.020496,0,0.013096,0,0.019399,0.020293,0.019885
138,0.011653,0,0.021465,0,0.019195,0.020191,0.02137
139,0,0,0.023257,0.022355,0,0.022094,0.015995
140,0.012665,0.015917,0.021375,0.030242,0.025999,0.021291,0.015917
141,0.025054,0.019353,0.020976,0,0.01846,0.024306,0.019234
142,0.025467,0.02235,0.017827,0.008914,0,0.020632,0.025647
143,0.014592,0.015115,0.020374,0,0,0,0.020527
144,0.01697,0,0.020544,0.020593,0.009056,0.020222,0.01391
145,0.012441,0,0.021261,0.025656,0,0.019973,0
146,0.017526,0.018676,0,0.007036,0.027014,0.021054,0
147,0.025097,0,0.015324,0,0.015534,0.032463,0.014289
148,0.02653,0.009437,0.016493,0,0.02854,0,0.009891
149,0.012633,0.022344,0.021373,0,0,0.020196,0.021616
150,0.011769,0.023868,0.02216,0,0.006438,0.006835,0.021658
151,0,0.024729,0.018942,0.020644,0,0.026351,0
152,0,0.025544,0.022914,0.007039,0.016425,0.016289,0.007896
153,0,0.017163,0.017015,0.010538,0.019908,0.021535,0.019052
154,0.012817,0,0,0.023228,0,0.022896,0.021614
155,0.02022,0,0.020688,0,0.009736,0.021373,0.021022
156,0,0.025293,0.016471,0,0.007926,0.012215,0.007198
157,0,0.018469,0.021248,0.008544,0,0.018318,0.011968
158,0.02163,0.019246,0.017943,0.019546,0,0.021515,0.013693
159,0.022225,0,0.023807,0.023195,0.020845,0.014603,0.01368
160,0.020298,0.019407,0,0,0.017499,0.018437,0
161,0.031935,0.027624,0.021269,0,0.02716,0.024701,0.011232
162,0.023482,0.020744,0.017883,0.010407,0.014096,0.015546,0
163,0.01671,0,0.013908,0,0.020759,0.019362,0
164,0.016577,0.019954,0.018649,0.007659,0.01603,0.009343,0
165,0.022693,0,0.01426,0.015286,0.008312,0.012416,0
166,0.026241,0,0.015224,0.008024,0.018431,0.013391,0.011491
167,0.011231,0,0.011948,0,0.017726,0,0.022982
168,0.007679,0,0.016618,0,0.027112,0.015835,0.014367
169,0.023306,0,0,0,0.026803,0.030917,0.017591
170,0.027439,0.013634,0.010502,0,0,0.017708,0
171,0.021914,0.023399,0,0.017539,0,0.025415,0.018446
172,0.018251,0.020942,0.012443,0.024977,0.016649,0.012397,0.022215
173,0.023596,0.021797,0.013552,0.021547,0.027661,0,0.023254
174,0.019019,0,0,0.023684,0.008585,0.011176,0.015774
175,0.008506,0,0.01799,0.010214,0.02231,0.02271,0.014932
176,0,0.015079,0,0.018474,0.017959,0.021169,0.01949
177,0.013279,0.024744,0.025174,0,0.011537,0.021857,0.056581
178,0,0.025125,0.027113,0.024394,0.014827,0.019893,0.017722
179,0.019363,0,0.026795,0.015339,0.027928,0.02856,0.018596
180,0.014354,0.011704,0.016972,0.019309,0.013512,0,0.015708
181,0.015281,0.02693,0.012165,0,0,0.019527,0.022036
182,0.019542,0.017757,0.022442,0,0,0.022014,0.016904
183,0.014621,0.0159,0.011019,0,0,0.02118,0.021056
184,0,0.020494,0.007508,0,0.007329,0.018394,0.019129
185,0.012225,0,0.017207,0.015681,0.017339,0.027212,0.023184
186,0.019787,0.019232,0.020939,0.024568,0,0.015602,0.011112
187,0.012282,0,0.028519,0,0,0.020463,0
188,0.014243,0.018517,0.021054,0.007977,0,0.022553,0.019243
189,0.023958,0.021662,0.015194,0,0.014432,0,0.021702
190,0.010511,0,0.021157,0.01781,0.015699,0.007038,0.015726
191,0.015797,0,0.025192,0.019889,0.017633,0,0.017552
192,0.018451,0,0.023886,0.014968,0.017559,0.016705,0
193,0.03744,0.019631,0.026714,0.020692,0.017859,0.025718,0.014856
194,0.022292,0,0.029234,0.017475,0.023811,0.014162,0.022085
195,0.0242,0.031269,0.020008,0.022098,0.023029,0,0.019011
196,0,0.021157,0.013009,0.02301,0.014947,0.010201,0.02548
197,0.016851,0.010293,0.018994,0,0.010281,0.01847,0
198,0.017496,0.018379,0.019458,0.020891,0.011906,0.022351,0.028384
199,0,0.021114,0.030773,0,0,0.015628,0
200,0.02387,0.016798,0.024387,0,0,0.016402,0.008662
201,0.018192,0,0.025004,0,0.031546,0.02247,0.02131
202,0.020561,0.007187,0.016632,0.021603,0,0.023397,0.025995
203,0.017866,0,0.016109,0.013086,0,0.014775,0
204,0.018604,0,0.027985,0.018435,0.019926,0.009125,0
205,0.022326,0.022067,0.013162,0.020827,0,0.022552,0.023766
206,0.020862,0,0.018757,0.024375,0.008494,0,0.018997
207,0.01454,0.013407,0.037111,0,0.009096,0.031019,0.014311
208,0.025222,0.024896,0.020104,0,0.01582,0.022078,0.019096
209,0.0361,0.022643,0.010797,0.008996,0.021202,0.015446,0
210,0.02255,0.021007,0.020723,0.016047,0.009437,0.020189,0.010732
211,0,0.007801,0.017153,0,0.006447,0.026293,0.034528
212,0.01749,0,0.023534,0.008219,0,0.025595,0.026784
213,0.023489,0.02218,0.021436,0,0,0.016378,0.019573
214,0.014896,0,0.016505,0,0.024899,0.03159,0.016762
215,0.020718,0,0.007392,0.018924,0.023746,0.024582,0.007436
216,0.022242,0.031163,0.008605,0.01506,0.017907,0,0.019132
217,0.017012,0.028276,0.008426,0,0,0.019879,0.019473
218,0.013427,0.016265,0,0,0.024064,0.02021,0.021121
219,0,0,0.014034,0,0.015831,0.024642,0.030861
220,0,0.016861,0.020246,0,0.018137,0.027165,0.020931
221,0,0.020268,0.021968,0.015963,0.014915,0.033625,0.026983
222,0.021383,0,0,0.021192,0.021255,0,0.012392
223,0.022462,0,0.014432,0.019054,0.017754,0.011588,0.030224
224,0,0.025542,0.012282,0,0.018812,0,0
225,0,0.024531,0.014088,0,0.013156,0.024198,0
226,0.028409,0.022902,0.01779,0,0.015399,0.014605,0.01077
227,0.015173,0.029363,0.024377,0.028388,0.008676,0.027157,0.016951
228,0.020628,0.013407,0.01919,0.018658,0,0.01577,0.011782
229,0.022916,0.010741,0.019728,0.009982,0.021679,0.037603,0.020826
230,0.023334,0,0.018542,0.006924,0.019234,0.022313,0.017205
231,0.017877,0.021274,0.022364,0,0.022979,0.021476,0.018344
232,0.019769,0,0.016205,0,0.021401,0,0.014746
233,0.015633,0,0.018105,0.021542,0.014448,0.02121,0
234,0,0,0.026159,0.013848,0.020151,0.021374,0
235,0.012365,0,0.024759,0.022425,0.015849,0.017504,0
236,0.007141,0,0.01011,0.021437,0.02196,0.013303,0
237,0.022353,0.019507,0,0.007308,0.026157,0.021886,0.016096
238,0.023337,0.02281,0,0,0.012478,0.02579,0
239,0.025429,0.0198,0.019732,0,0.008687,0.007981,0.019942
240,0.016053,0,0.022562,0,0.020803,0.023883,0.021048
241,0.020684,0.023026,0.019814,0,0,0.01209,0.019983
242,0.015661,0,0.021167,0.007383,0,0.022028,0.023042
243,0.024638,0,0.0262,0,0.01996,0.020899,0.02062
244,0,0,0.045784,0,0.017594,0,0.021098
245,0,0.019251,0.020465,0.021261,0.022701,0.019199,0.023307
246,0.019941,0.022051,0.02788,0.021732,0,0,0.018551
247,0.016196,0.027005,0.02791,0.022847,0.020205,0.022841,0.021177
248,0.012899,0.024539,0.023096,0,0.016805,0.021447,0.018429
249,0.023291,0,0.009996,0,0.009663,0.01499,0.021312
250,0.034701,0.019334,0.014983,0.025506,0.020994,0.02394,0.024868
251,0.011143,0.019932,0.023496,0.017487,0.012756,0.024586,0.025132
252,0.012138,0,0,0,0.015399,0.028161,0.00892
253,0,0.020323,0.009379,0,0,0.027004,0.01741
254,0.019336,0,0.013824,0,0,0.021718,0.016204
255,0.012421,0.056903,0.020795,0,0.016595,0.021496,0.026162
256,0.016739,0.024629,0.023459,0,0,0.011312,0.024374
257,0.023972,0.0091,0.024069,0.008607,0.019689,0.020924,0.022806
258,0.02147,0,0.019372,0.02125,0,0.016719,0.029805
259,0.022864,0.011519,0.01633,0.006987,0,0.011921,0
260,0.024909,0,0.026901,0.025411,0,0.016205,0
261,0.00831,0.02221,0.020276,0.035765,0,0,0.023346
262,0.013447,0.026557,0.020647,0.020546,0.022602,0,0.024434
263,0.021338,0,0.021905,0.023132,0.019617,0.022267,0.01975
264,0.014859,0.006743,0.019295,0.018346,0.018222,0,0
265,0,0.02167,0.028748,0.015688,0,0,0
266,0.016196,0.022375,0.021618,0.017482,0.011923,0.01181,0.01603
267,0.019275,0,0.02556,0.017352,0.016787,0,0.017064
268,0.025398,0.020666,0.016186,0,0.018404,0.007798,0
269,0,0.023292,0.019399,0.02308,0.016157,0.018123,0.018747
270,0.016661,0.01347,0.021038,0.030452,0,0.013484,0.034827
271,0.015605,0.021678,0.009305,0,0.019451,0.01962,0
272,0.022705,0,0,0,0,0.020778,0.023468
273,0.01929,0.026118,0.016201,0.009117,0,0.035574,0.020531
274,0.017893,0.02071,0.019322,0.007805,0.014937,0.024464,0.021289
275,0.008626,0.019149,0.018514,0.012883,0.018052,0.011618,0.007944
276,0.025081,0.012142,0.008523,0.024747,0.012517,0.014924,0
277,0.024399,0,0.009553,0.027445,0.021513,0.0203,0.016706
278,0,0.019737,0.015579,0.011717,0,0.026494,0.013118
279,0,0.023648,0.023588,0,0.016411,0,0.010933
280,0.021494,0.022793,0.016472,0.032698,0.01136,0.008652,0.007284
281,0.025509,0,0.018724,0.020356,0,0.033677,0.018213
282,0.017168,0,0.026436,0.022643,0,0.023519,0.022854
283,0.024486,0,0.013822,0,0.018887,0.023929,0.022052
284,0.017474,0.022239,0.023432,0.020451,0,0.018005,0.018438
285,0.020586,0.014559,0.022748,0.019012,0,0.014361,0
286,0,0,0.027231,0,0.013115,0.018826,0.013667
287,0.012628,0.018987,0.018344,0.017642,0.019795,0.022916,0.017937
288,0,0.018068,0.016774,0.006721,0,0,0.019755
289,0,0,0.007876,0,0,0.020986,0
290,0.019971,0.022573,0,0,0.01196,0.023584,0.015726
291,0.023325,0.008339,0.027564,0.017847,0,0.020783,0.0143
292,0,0.01554,0.015341,0,0.014302,0.023104,0.025931
293,0.027285,0,0.019605,0.015853,0,0.008324,0.014873
294,0.020399,0.0247,0.015829,0,0,0.025415,0.021162
295,0.016683,0.009994,0.018895,0,0.010619,0.012695,0
296,0.01462,0.023173,0.017272,0,0,0.024111,0
297,0.009922,0.009612,0.016548,0.01427,0.014618,0.025394,0.007134
298,0,0.030056,0.01658,0,0,0.02243,0.015994
299,0.02372,0.014613,0.025527,0.010367,0.021779,0.024591,0.024431
300,0.020152,0,0.019123,0.023153,0.022025,0.012067,0.010629
301,0.011718,0,0.015008,0.02082,0,0,0.015743
302,0.023519,0,0.016898,0.014739,0,0.022459,0.021499
303,0.020149,0,0.019423,0.026751,0.014228,0.022482,0.018301
304,0.017276,0,0,0.02209,0.017404,0.018448,0.012378
305,0.016444,0.015068,0,0.022723,0.024852,0.015608,0
306,0.017623,0.025243,0,0,0.011813,0.025988,0
307,0.022552,0.02702,0.016148,0.020383,0.012559,0.014398,0
308,0.014111,0.020415,0,0,0.011698,0.016233,0.022085
309,0.012261,0,0.025965,0.018406,0,0.021722,0.01731
310,0.026579,0,0.030828,0,0.00628,0.011307,0.023004
311,0.011487,0,0.014831,0,0.021204,0.021839,0
312,0,0.022612,0.015894,0.024045,0.019971,0.022125,0.025841
313,0.024606,0.023113,0.023103,0,0,0.021281,0.00904
314,0.024186,0.017427,0.017619,0,0.014492,0.020931,0.042579
315,0.010176,0.021097,0.024035,0,0.018396,0,0.031322
316,0.019447,0,0,0.009259,0.027969,0.021622,0.02136
317,0.024231,0.021024,0.019344,0.02098,0,0.019688,0.018677
318,0.026713,0.022274,0.020377,0,0.022518,0.024883,0.016457
319,0.012345,0,0.027424,0,0.010762,0.01573,0.022478
320,0,0,0.015399,0,0.016732,0.028257,0.020911
321,0.023252,0.025382,0.022902,0.019906,0.021343,0.017066,0.011942
322,0.022536,0,0.02376,0.021478,0.008201,0.023141,0.020609
323,0.0098,0.021634,0.021894,0,0.02691,0.035467,0
324,0.023323,0.015959,0.02276,0,0,0.025975,0.014854
325,0.019499,0.025159,0.02605,0,0,0.017146,0.024907
326,0.021242,0,0.017639,0,0.025917,0.023824,0.021851
327,0.021068,0.021242,0.017177,0,0.021655,0.013222,0.018991
328,0.014127,0,0.02236,0.016423,0.050972,0.016551,0.018929
329,0.007628,0.021095,0.021269,0.038991,0,0.013359,0.019977
330,0.022445,0.047235,0.036724,0.021843,0,0.011379,0
331,0.02217,0,0.02034,0.021244,0,0.010915,0
332,0.021064,0.016997,0.011024,0,0,0,0.023851
333,0,0.023887,0.016144,0.008007,0.022892,0.020895,0.022049
334,0.027845,0.007946,0.01489,0.015476,0.02517,0,0.016479
335,0.013749,0,0.017055,0.019228,0.014613,0,0
336,0.017228,0.019096,0.022963,0,0,0.013935,0
337,0,0.018632,0.019402,0.01942,0.013444,0.019582,0.014727
338,0.037445,0,0.021605,0.02122,0.018077,0.009466,0.024506
339,0.027355,0.022892,0.015782,0.01986,0.018884,0,0
340,0.01328,0,0.008466,0.021091,0.023553,0.015626,0.021914
341,0.012084,0.014183,0.02018,0,0,0.020828,0.015318
342,0.022369,0.015527,0.019082,0,0.020515,0.022267,0
343,0.019581,0,0.011119,0,0,0.022948,0
344,0.022817,0.01444,0.011195,0.008202,0,0.020985,0.019494
345,0.021641,0.022192,0.022293,0.009452,0.016926,0.019013,0.022455
346,0,0.009935,0.016046,0.015156,0,0.010362,0.007685
347,0,0.016017,0.025586,0.017843,0.025311,0.010459,0
348,0.021089,0.02013,0.020937,0.00858,0.011457,0.020596,0
349,0.016799,0,0.013967,0.010454,0,0.021305,0.018492
350,0.022377,0,0.023676,0,0.008099,0,0.016185
351,0.019667,0,0.008537,0,0.013537,0.026846,0.015682
352,0.018425,0.015066,0.022272,0.021473,0,0.014121,0.019839
353,0.02583,0.013905,0.023154,0.019827,0,0.02215,0.01904
354,0.015903,0.01889,0.009867,0,0.027642,0.022236,0.022892
355,0,0.020244,0.016108,0,0,0.023692,0.017627
356,0,0.019593,0.013871,0.019152,0,0.01738,0.020364
357,0.021869,0.018369,0.013221,0,0.008222,0.021686,0
358,0.022811,0.022184,0.024933,0.007383,0.018267,0.024999,0.013084
359,0,0,0.013482,0.014654,0,0,0.015579
360,0.021179,0,0.022348,0,0,0,0
361,0.023299,0.021786,0.017953,0,0.016544,0.018869,0.021691
362,0.018517,0.01982,0.022861,0.016192,0,0.018531,0.017507
363,0.025616,0.021389,0.02053,0,0.021273,0.021074,0.021085
364,0.024705,0.061353,0.02166,0.015415,0,0.011984,0.018036
365,0,0.028276,0.024956,0.023135,0,0,0.02613
366,0.019334,0.019115,0.024114,0,0.010088,0.008033,0
367,0.01074,0,0.012408,0,0,0.020699,0
368,0.028377,0,0.020945,0.008122,0.009559,0,0.007408
369,0.01311,0,0.023526,0,0.014097,0.024708,0.023306
370,0.027374,0,0.013605,0.017518,0.014231,0.00767,0.010687
371,0,0,0,0.013102,0,0.009658,0.011851
372,0.009658,0.01922,0,0.020174,0.017174,0,0.013351
373,0.031398,0,0,0.028473,0.019947,0.014327,0.011008
374,0.023562,0.021536,0.023014,0,0.012382,0.014845,0
375,0.021571,0.021284,0.01895,0.01936,0.022496,0.021662,0.01562
376,0.015842,0,0.022714,0.028629,0.01709,0.021752,0
377,0.016061,0,0.020644,0.022054,0.019401,0.020508,0
378,0,0,0.025169,0,0.009534,0.01232,0.009002
379,0.018727,0,0.01895,0.024885,0,0.018273,0.055828
380,0.021862,0,0.012613,0,0.010533,0.020937,0.021418
381,0,0.020439,0.021002,0,0,0.020683,0
382,0.023348,0.031015,0.027485,0.024,0.020902,0,0
383,0.016163,0.018168,0,0.019867,0.01906,0.024774,0
384,0.02249,0.021686,0.020729,0,0,0.02134,0.013874
385,0.01873,0.027878,0.024656,0,0.0175,0.018625,0
386,0,0.020163,0.019567,0.027731,0.027271,0.012595,0.012397
387,0.012013,0,0.022841,0.017568,0,0.008953,0.023569
388,0,0,0.02706,0,0,0.021497,0.012014
389,0.023614,0.016524,0.022797,0,0.020516,0.023508,0.011369
390,0.022118,0,0.024563,0,0.018541,0.022248,0.023312
391,0.010879,0.020345,0,0.020374,0.020491,0,0.018965
392,0.019517,0.021446,0.021182,0.025005,0.009602,0.024224,0.014813
393,0.015213,0.021779,0.02191,0,0,0.019932,0.017962
394,0.021737,0,0.015318,0,0.024141,0.021101,0
395,0.008072,0.012898,0.020558,0,0,0,0.020717
396,0.014149,0.022108,0,0,0.009698,0.024321,0.01317
397,0.021482,0.016706,0.020353,0,0,0.01801,0.024638
398,0.017683,0,0.022585,0,0,0.024459,0.028475
399,0.018954,0.024265,0.022444,0.020053,0.029448,0.023855,0.02335
400,0,0.03884,0.01666,0.015225,0,0.013315,0.01383
401,0.027562,0.01844,0.02159,0,0,0.019361,0
402,0.02283,0,0.018336,0.014866,0,0.016596,0
403,0.024999,0,0.021386,0,0,0,0.02169
404,0.029247,0.021743,0,0.021781,0.030289,0,0.020462
405,0,0.019885,0.018732,0.034591,0.020219,0.022518,0.019703
406,0.02052,0.023984,0.022033,0.018311,0.010419,0,0.017419
407,0.014826,0.019347,0.017751,0.024875,0,0,0
408,0.024314,0,0.024782,0.012738,0.012358,0.013752,0
409,0.021127,0.008042,0.021946,0.022415,0.018769,0.025924,0.012594
410,0.022046,0.023003,0.015298,0.019344,0.024899,0.010852,0
411,0.01773,0.014858,0.013377,0.022204,0.014308,0,0.038294
412,0,0.017976,0.065185,0.018661,0,0.017541,0.025935
413,0.021443,0.022767,0.028169,0,0.012254,0.014256,0
414,0,0.007952,0.017848,0,0,0.015027,0
415,0,0.019774,0.01406,0.012449,0,0.021572,0.016568
416,0.020679,0.026773,0.013112,0,0.020852,0.021613,0.015381
417,0.01328,0,0.024074,0.017864,0.019356,0.012684,0.023782
418,0.019405,0,0.022449,0.01922,0,0.020091,0
419,0.018583,0,0.021749,0,0.028782,0.036597,0.020676
420,0.017623,0.025359,0.019831,0.012083,0,0.024067,0.021965
421,0.024867,0.01671,0.022275,0.012276,0.012651,0.021607,0.023993
422,0.017011,0,0.022696,0,0.02015,0,0.012976
423,0.021815,0.025602,0.019771,0.021991,0.014101,0.013155,0.007538
424,0,0.021364,0.020688,0.031972,0,0.022303,0.029689
425,0.037467,0,0.011123,0.009811,0,0.020968,0.020982
426,0.024401,0.022519,0,0,0.023881,0.023416,0.021122
427,0.023746,0.020837,0.020837,0.007177,0,0.023413,0.015607
428,0,0,0.017824,0.008097,0.017579,0.017251,0
429,0.020478,0,0.021455,0,0.00865,0.021996,0.010567
430,0.025045,0.015825,0.019948,0.012722,0,0.022768,0.014714
431,0.018022,0.022831,0.022573,0.023103,0,0,0.014211
432,0.024784,0.021562,0.023856,0,0.021852,0.016578,0
433,0.0283,0,0.026398,0,0.006392,0.013926,0.011444
434,0,0.027748,0.024608,0.012544,0.01264,0.023118,0.021369
435,0.021255,0.023134,0.02065,0.023675,0.01978,0.022548,0
436,0.008796,0,0.011434,0.010244,0,0.008452,0.010447
437,0,0,0,0,0.016419,0.008553,0.022957
438,0,0,0,0,0,0.020727,0
439,0,0,0,0.020374,0.021639,0,0
440,0,0,0,0.020612,0.021948,0.021121,0.010876
441,0,0,0,0,0.015057,0,0.024865
442,0,0,0,0.016274,0.016998,0.02339,0.025149
443,0,0,0,0.017761,0.023951,0.015606,0.015879
444,0,0,0,0.012625,0,0,0.014727
445,0,0,0,0.010609,0.023907,0.018746,0.019542
446,0,0,0,0.021517,0.012619,0.020517,0.020365
447,0,0,0,0.020813,0.017545,0.02466,0.010365
448,0,0,0,0.017765,0.020363,0.021063,0.021479
449,0,0,0,0.022866,0.012265,0.021089,0
450,0,0,0,0,0.019053,0.015811,0
451,0,0,0,0,0.010255,0.024546,0.014945
452,0,0,0,0.019959,0,0.02076,0.0154
453,0,0,0,0,0.008246,0.015977,0.035604
454,0,0,0,0,0.04341,0,0
455,0,0,0,0.016005,0.021118,0.021654,0
456,0,0,0,0,0.023165,0.022172,0.007703
457,0,0,0,0,0,0.022267,0.018284
458,0,0,0,0,0,0.013911,0
459,0,0,0,0,0,0.016623,0.016221
460,0,0,0,0,0,0,0
461,0,0,0,0,0,0,0
462,0,0,0,0,0,0,0
463,0,0,0,0,0,0,0
464,0,0,0,0,0,0,0
465,0,0,0,0,0,0,0
466,0,0,0,0,0,0,0
467,0,0,0,0,0,0,0
468,0,0,0,0,0,0,0
469,0,0,0,0,0,0,0
470,0,0,0,0,0,0,0
471,0,0,0,0,0,0,0
472,0,0,0,0,0,0,0
473,0,0,0,0,0,0,0
474,0,0,0,0,0,0,0
475,0,0,0,0,0,0,0
476,0,0,0,0,0,0,0
477,0,0,0,0,0,0,0
478,0,0,0,0,0,0,0
479,0,0,0,0,0,0,0
480,0,0,0,0,0,0,0
481,0,0,0,0,0,0,0
482,0,0,0,0,0,0,0
483,0,0,0,0,0,0,0
484,0,0,0,0,0,0,0
485,0,0,0,0,0,0,0
486,0,0,0,0,0,0,0
487,0,0,0,0,0,0,0
488,0,0,0,0,0,0,0
489,0,0,0,0,0,0,0
490,0,0,0,0,0,0,0
491,0,0,0,0,0,0,0
492,0,0,0,0,0,0,0
493,0,0,0,0,0,0,0
494,0,0,0,0,0,0,0
495,0,0,0,0,0,0,0
496,0,0,0,0,0,0,0
497,0,0,0,0,0,0,0
498,0,0,0,0,0,0,0
499,0,0,0,0,0,0,0
500,0,0,0,0,0,0,0
501,0,0,0,0,0,0,0
502,0,0,0,0,0,0,0
503,0,0,0,0,0,0,0
504,0,0,0,0,0,0,0
505,0,0,0,0,0,0,0
506,0,0,0,0,0,0,0
507,0,0,0,0,0,0,0
508,0,0,0,0,0,0,0
509,0,0,0,0,0,0,0
510,0,0,0,0,0,0,0
511,0,0,0,0,0,0,0
512,0,0,0,0,0,0,0
513,0,0,0,0,0,0,0
514,0,0,0,0,0,0,0
515,Null,Null,0,0,0,0,0
516,Null,Null,Null,0,0,0,0
517,Null,Null,Null,0,0,0,0
518,Null,Null,Null,0,0,0,0
519,Null,Null,Null,0,0,0,0
520,Null,Null,Null,0,0,0,0
521,Null,Null,Null,0,0,0,0
522,Null,Null,Null,0,0,0,0
523,Null,Null,Null,0,0,0,0
524,Null,Null,Null,0,0,0,0
525,Null,Null,Null,0,0,0,0
526,Null,Null,Null,0,0,0,0
527,Null,Null,Null,0,0,0,0
528,Null,Null,Null,0,0,0,0
529,Null,Null,Null,0,0,0,0
530,Null,Null,Null,0,0,0,0
531,Null,Null,Null,0,0,0,0
532,Null,Null,Null,0,0,0,0
533,Null,Null,Null,0,0,0,0
534,Null,Null,Null,0,0,0,0
535,Null,Null,Null,0,0,0,0
536,Null,Null,Null,0,0,0,0
537,Null,Null,Null,0,0,0,0
538,Null,Null,Null,0,0,0,0
539,Null,Null,Null,0,0,0,0
540,Null,Null,Null,0,0,0,0
541,Null,Null,Null,0,0,0,0
542,Null,Null,Null,0,0,0,0
543,Null,Null,Null,0,0,0,0
544,Null,Null,Null,0,0,0,0
545,Null,Null,Null,0,0,0,0
546,Null,Null,Null,0,0,0,0
547,Null,Null,Null,0,0,0,0
548,Null,Null,Null,0,0,0,0
549,Null,Null,Null,0,0,0,0
550,Null,Null,Null,0,0,0,0
551,Null,Null,Null,0,0,0,0
552,Null,Null,Null,0,0,0,0
553,Null,Null,Null,0,0,0,0
554,Null,Null,Null,0,0,0,0
555,Null,Null,Null,0,0,0,0
556,Null,Null,Null,0,0,0,0
557,Null,Null,Null,0,0,0,0
558,Null,Null,Null,0,0,0,0
559,Null,Null,Null,0,0,0,0
560,Null,Null,Null,0,0,0,0
561,Null,Null,Null,0,0,0,0
562,Null,Null,Null,0,0,0,0
563,Null,Null,Null,Null,Null,0,0
564,Null,Null,Null,Null,Null,0,0
565,Null,Null,Null,Null,Null,0,0
566,Null,Null,Null,Null,Null,0,0
567,Null,Null,Null,Null,Null,0,0
568,Null,Null,Null,Null,Null,0,0
569,Null,Null,Null,Null,Null,0,0
570,Null,Null,Null,Null,Null,0,0
571,Null,Null,Null,Null,Null,0,0
572,Null,Null,Null,Null,Null,0,0
573,Null,Null,Null,Null,Null,0,0
574,Null,Null,Null,Null,Null,0,0
575,Null,Null,Null,Null,Null,0,0
576,Null,Null,Null,Null,Null,0,0
577,Null,Null,Null,Null,Null,0,0
578,Null,Null,Null,Null,Null,0,0
579,Null,Null,Null,Null,Null,0,0
580,Null,Null,Null,Null,Null,0,0
581,Null,Null,Null,Null,Null,0,0
582,Null,Null,Null,Null,Null,0,0
583,Null,Null,Null,Null,Null,0,0
584,Null,Null,Null,Null,Null,0,0
585,Null,Null,Null,Null,Null,0,0
586,Null,Null,Null,Null,Null,0,0