map_message_epochs,node153_ceph-osd.0.asok.txt,node153_ceph-osd.1.asok.txt,node153_ceph-osd.2.asok.txt
0,101,94,92
1,101,94,92
2,101,94,92
3,101,94,92
4,101,94,92
5,101,94,92
6,101,94,92
7,101,94,92
8,101,94,92
9,101,94,92
10,101,94,92
11,101,94,92
12,101,94,92
13,101,94,92
14,101,94,92
15,101,94,92
16,101,94,92
17,101,94,92
18,101,94,92
19,101,94,92
20,101,94,92
21,101,94,92
22,101,94,92
23,101,94,92
24,101,94,92
25,101,94,92
26,101,94,92
27,101,94,92
28,101,94,92
29,101,94,92
30,101,94,92
31,101,94,92
32,101,94,92
33,101,94,92
34,101,94,92
35,101,94,92
36,101,94,92
37,101,94,92
38,101,94,92
39,101,94,92
40,101,94,92
41,101,94,92
42,101,94,92
43,101,94,92
44,101,94,92
45,101,94,92
46,101,94,92
47,101,94,92
48,101,94,92
49,101,94,92
50,101,94,92
51,101,94,92
52,101,94,92
53,101,94,92
54,101,94,92
55,101,94,92
56,101,94,92
57,101,94,92
58,101,94,92
59,101,94,92
60,101,94,92
61,101,94,92
62,101,94,92
63,101,94,92
64,101,94,92
65,101,94,92
66,101,94,92
67,101,94,92
68,101,94,92
69,101,94,92
70,101,94,92
71,101,94,92
72,101,94,92
73,101,94,92
74,101,94,92
75,101,94,92
76,101,94,92
77,101,94,92
78,101,94,92
79,101,94,92
80,101,94,92
81,101,94,92
82,101,94,92
83,101,94,92
84,101,94,92
85,101,94,92
86,101,94,92
87,101,94,92
88,101,94,92
89,101,94,92
90,101,94,92
91,101,94,92
92,101,94,92
93,101,94,92
94,101,94,92
95,101,94,92
96,101,94,92
97,101,94,92
98,101,94,92
99,101,94,92
100,101,94,92
101,101,94,92
102,101,94,92
103,101,94,92
104,101,94,92
105,101,94,92
106,101,94,92
107,101,94,92
108,101,94,92
109,101,94,92
110,101,94,92
111,101,94,92
112,101,94,92
113,101,94,92
114,101,94,92
115,101,94,92
116,101,94,92
117,101,94,92
118,101,94,92
119,101,94,92
120,101,94,92
121,101,94,92
122,101,94,92
123,101,94,92
124,101,94,92
125,101,94,92
126,101,94,92
127,101,94,92
128,101,94,92
129,101,94,92
130,101,94,92
131,101,94,92
132,101,94,92
133,101,94,92
134,101,94,92
135,101,94,92
136,101,94,92
137,101,94,92
138,101,94,92
139,101,94,92
140,101,94,92
141,101,94,92
142,101,94,92
143,101,94,92
144,101,94,92
145,101,94,92
146,101,94,92
147,101,94,92
148,101,94,92
149,101,94,92
150,101,94,92
151,101,94,92
152,101,94,92
153,101,94,92
154,101,94,92
155,101,94,92
156,101,94,92
157,101,94,92
158,101,94,92
159,101,94,92
160,101,94,92
161,101,94,92
162,101,94,92
163,101,94,92
164,101,94,92
165,101,94,92
166,101,94,92
167,101,94,92
168,101,94,92
169,101,94,92
170,101,94,92
171,101,94,92
172,101,94,92
173,101,94,92
174,101,94,92
175,101,94,92
176,101,94,92
177,101,94,92
178,101,94,92
179,101,94,92
180,101,94,92
181,101,94,92
182,101,94,92
183,101,94,92
184,101,94,92
185,101,94,92
186,101,94,92
187,101,94,92
188,101,94,92
189,101,94,92
190,101,94,92
191,101,94,92
192,101,94,92
193,101,94,92
194,101,94,92
195,101,94,92
196,101,94,92
197,101,94,92
198,101,94,92
199,101,94,92
200,101,94,92
201,101,94,92
202,101,94,92
203,101,94,92
204,101,94,92
205,101,94,92
206,101,94,92
207,101,94,92
208,101,94,92
209,101,94,92
210,101,94,92
211,101,94,92
212,101,94,92
213,101,94,92
214,101,94,92
215,101,94,92
216,101,94,92
217,101,94,92
218,101,94,92
219,101,94,92
220,101,94,92
221,101,94,92
222,101,94,92
223,101,94,92
224,101,94,92
225,101,94,92
226,101,94,92
227,101,94,92
228,101,94,92
229,101,94,92
230,101,94,92
231,101,94,92
232,101,94,92
233,101,94,92
234,101,94,92
235,101,94,92
236,101,94,92
237,101,94,92
238,101,94,92
239,101,94,92
240,101,94,92
241,101,94,92
242,101,94,92
243,101,94,92
244,101,94,92
245,101,94,92
246,101,94,92
247,101,94,92
248,101,94,92
249,101,94,92
250,101,94,92
251,101,94,92
252,101,94,92
253,101,94,92
254,101,94,92
255,101,94,92
256,101,94,92
257,101,94,92
258,101,94,92
259,101,94,92
260,101,94,92
261,101,94,92
262,101,94,92
263,101,94,92
264,101,94,92
265,101,94,92
266,101,94,92
267,101,94,92
268,101,94,92
269,101,94,92
270,101,94,92
271,101,94,92
272,101,94,92
273,101,94,92
274,101,94,92
275,101,94,92
276,101,94,92
277,101,94,92
278,101,94,92
279,101,94,92
280,101,94,92
281,101,94,92
282,101,94,92
283,101,94,92
284,101,94,92
285,101,94,92
286,101,94,92
287,101,94,92
288,101,94,92
289,101,94,92
290,101,94,92
291,101,94,92
292,101,94,92
293,101,94,92
294,101,94,92
295,101,94,92
296,101,94,92
297,101,94,92
298,101,94,92
299,101,94,92
300,101,94,92
301,101,94,92
302,101,94,92
303,101,94,92
304,101,94,92
305,101,94,92
306,101,94,92
307,101,94,92
308,101,94,92
309,101,94,92
310,101,94,92
311,Null,94,Null