map_message_epoch_dups,node153_ceph-osd.0.asok.txt,node153_ceph-osd.1.asok.txt,node153_ceph-osd.2.asok.txt
0,68,61,59
1,68,61,59
2,68,61,59
3,68,61,59
4,68,61,59
5,68,61,59
6,68,61,59
7,68,61,59
8,68,61,59
9,68,61,59
10,68,61,59
11,68,61,59
12,68,61,59
13,68,61,59
14,68,61,59
15,68,61,59
16,68,61,59
17,68,61,59
18,68,61,59
19,68,61,59
20,68,61,59
21,68,61,59
22,68,61,59
23,68,61,59
24,68,61,59
25,68,61,59
26,68,61,59
27,68,61,59
28,68,61,59
29,68,61,59
30,68,61,59
31,68,61,59
32,68,61,59
33,68,61,59
34,68,61,59
35,68,61,59
36,68,61,59
37,68,61,59
38,68,61,59
39,68,61,59
40,68,61,59
41,68,61,59
42,68,61,59
43,68,61,59
44,68,61,59
45,68,61,59
46,68,61,59
47,68,61,59
48,68,61,59
49,68,61,59
50,68,61,59
51,68,61,59
52,68,61,59
53,68,61,59
54,68,61,59
55,68,61,59
56,68,61,59
57,68,61,59
58,68,61,59
59,68,61,59
60,68,61,59
61,68,61,59
62,68,61,59
63,68,61,59
64,68,61,59
65,68,61,59
66,68,61,59
67,68,61,59
68,68,61,59
69,68,61,59
70,68,61,59
71,68,61,59
72,68,61,59
73,68,61,59
74,68,61,59
75,68,61,59
76,68,61,59
77,68,61,59
78,68,61,59
79,68,61,59
80,68,61,59
81,68,61,59
82,68,61,59
83,68,61,59
84,68,61,59
85,68,61,59
86,68,61,59
87,68,61,59
88,68,61,59
89,68,61,59
90,68,61,59
91,68,61,59
92,68,61,59
93,68,61,59
94,68,61,59
95,68,61,59
96,68,61,59
97,68,61,59
98,68,61,59
99,68,61,59
100,68,61,59
101,68,61,59
102,68,61,59
103,68,61,59
104,68,61,59
105,68,61,59
106,68,61,59
107,68,61,59
108,68,61,59
109,68,61,59
110,68,61,59
111,68,61,59
112,68,61,59
113,68,61,59
114,68,61,59
115,68,61,59
116,68,61,59
117,68,61,59
118,68,61,59
119,68,61,59
120,68,61,59
121,68,61,59
122,68,61,59
123,68,61,59
124,68,61,59
125,68,61,59
126,68,61,59
127,68,61,59
128,68,61,59
129,68,61,59
130,68,61,59
131,68,61,59
132,68,61,59
133,68,61,59
134,68,61,59
135,68,61,59
136,68,61,59
137,68,61,59
138,68,61,59
139,68,61,59
140,68,61,59
141,68,61,59
142,68,61,59
143,68,61,59
144,68,61,59
145,68,61,59
146,68,61,59
147,68,61,59
148,68,61,59
149,68,61,59
150,68,61,59
151,68,61,59
152,68,61,59
153,68,61,59
154,68,61,59
155,68,61,59
156,68,61,59
157,68,61,59
158,68,61,59
159,68,61,59
160,68,61,59
161,68,61,59
162,68,61,59
163,68,61,59
164,68,61,59
165,68,61,59
166,68,61,59
167,68,61,59
168,68,61,59
169,68,61,59
170,68,61,59
171,68,61,59
172,68,61,59
173,68,61,59
174,68,61,59
175,68,61,59
176,68,61,59
177,68,61,59
178,68,61,59
179,68,61,59
180,68,61,59
181,68,61,59
182,68,61,59
183,68,61,59
184,68,61,59
185,68,61,59
186,68,61,59
187,68,61,59
188,68,61,59
189,68,61,59
190,68,61,59
191,68,61,59
192,68,61,59
193,68,61,59
194,68,61,59
195,68,61,59
196,68,61,59
197,68,61,59
198,68,61,59
199,68,61,59
200,68,61,59
201,68,61,59
202,68,61,59
203,68,61,59
204,68,61,59
205,68,61,59
206,68,61,59
207,68,61,59
208,68,61,59
209,68,61,59
210,68,61,59
211,68,61,59
212,68,61,59
213,68,61,59
214,68,61,59
215,68,61,59
216,68,61,59
217,68,61,59
218,68,61,59
219,68,61,59
220,68,61,59
221,68,61,59
222,68,61,59
223,68,61,59
224,68,61,59
225,68,61,59
226,68,61,59
227,68,61,59
228,68,61,59
229,68,61,59
230,68,61,59
231,68,61,59
232,68,61,59
233,68,61,59
234,68,61,59
235,68,61,59
236,68,61,59
237,68,61,59
238,68,61,59
239,68,61,59
240,68,61,59
241,68,61,59
242,68,61,59
243,68,61,59
244,68,61,59
245,68,61,59
246,68,61,59
247,68,61,59
248,68,61,59
249,68,61,59
250,68,61,59
251,68,61,59
252,68,61,59
253,68,61,59
254,68,61,59
255,68,61,59
256,68,61,59
257,68,61,59
258,68,61,59
259,68,61,59
260,68,61,59
261,68,61,59
262,68,61,59
263,68,61,59
264,68,61,59
265,68,61,59
266,68,61,59
267,68,61,59
268,68,61,59
269,68,61,59
270,68,61,59
271,68,61,59
272,68,61,59
273,68,61,59
274,68,61,59
275,68,61,59
276,68,61,59
277,68,61,59
278,68,61,59
279,68,61,59
280,68,61,59
281,68,61,59
282,68,61,59
283,68,61,59
284,68,61,59
285,68,61,59
286,68,61,59
287,68,61,59
288,68,61,59
289,68,61,59
290,68,61,59
291,68,61,59
292,68,61,59
293,68,61,59
294,68,61,59
295,68,61,59
296,68,61,59
297,68,61,59
298,68,61,59
299,68,61,59
300,68,61,59
301,68,61,59
302,68,61,59
303,68,61,59
304,68,61,59
305,68,61,59
306,68,61,59
307,68,61,59
308,68,61,59
309,68,61,59
310,68,61,59
311,Null,61,Null