map_messages,node153_ceph-osd.0.asok.txt,node153_ceph-osd.1.asok.txt,node153_ceph-osd.2.asok.txt
0,78,68,62
1,78,68,62
2,78,68,62
3,78,68,62
4,78,68,62
5,78,68,62
6,78,68,62
7,78,68,62
8,78,68,62
9,78,68,62
10,78,68,62
11,78,68,62
12,78,68,62
13,78,68,62
14,78,68,62
15,78,68,62
16,78,68,62
17,78,68,62
18,78,68,62
19,78,68,62
20,78,68,62
21,78,68,62
22,78,68,62
23,78,68,62
24,78,68,62
25,78,68,62
26,78,68,62
27,78,68,62
28,78,68,62
29,78,68,62
30,78,68,62
31,78,68,62
32,78,68,62
33,78,68,62
34,78,68,62
35,78,68,62
36,78,68,62
37,78,68,62
38,78,68,62
39,78,68,62
40,78,68,62
41,78,68,62
42,78,68,62
43,78,68,62
44,78,68,62
45,78,68,62
46,78,68,62
47,78,68,62
48,78,68,62
49,78,68,62
50,78,68,62
51,78,68,62
52,78,68,62
53,78,68,62
54,78,68,62
55,78,68,62
56,78,68,62
57,78,68,62
58,78,68,62
59,78,68,62
60,78,68,62
61,78,68,62
62,78,68,62
63,78,68,62
64,78,68,62
65,78,68,62
66,78,68,62
67,78,68,62
68,78,68,62
69,78,68,62
70,78,68,62
71,78,68,62
72,78,68,62
73,78,68,62
74,78,68,62
75,78,68,62
76,78,68,62
77,78,68,62
78,78,68,62
79,78,68,62
80,78,68,62
81,78,68,62
82,78,68,62
83,78,68,62
84,78,68,62
85,78,68,62
86,78,68,62
87,78,68,62
88,78,68,62
89,78,68,62
90,78,68,62
91,78,68,62
92,78,68,62
93,78,68,62
94,78,68,62
95,78,68,62
96,78,68,62
97,78,68,62
98,78,68,62
99,78,68,62
100,78,68,62
101,78,68,62
102,78,68,62
103,78,68,62
104,78,68,62
105,78,68,62
106,78,68,62
107,78,68,62
108,78,68,62
109,78,68,62
110,78,68,62
111,78,68,62
112,78,68,62
113,78,68,62
114,78,68,62
115,78,68,62
116,78,68,62
117,78,68,62
118,78,68,62
119,78,68,62
120,78,68,62
121,78,68,62
122,78,68,62
123,78,68,62
124,78,68,62
125,78,68,62
126,78,68,62
127,78,68,62
128,78,68,62
129,78,68,62
130,78,68,62
131,78,68,62
132,78,68,62
133,78,68,62
134,78,68,62
135,78,68,62
136,78,68,62
137,78,68,62
138,78,68,62
139,78,68,62
140,78,68,62
141,78,68,62
142,78,68,62
143,78,68,62
144,78,68,62
145,78,68,62
146,78,68,62
147,78,68,62
148,78,68,62
149,78,68,62
150,78,68,62
151,78,68,62
152,78,68,62
153,78,68,62
154,78,68,62
155,78,68,62
156,78,68,62
157,78,68,62
158,78,68,62
159,78,68,62
160,78,68,62
161,78,68,62
162,78,68,62
163,78,68,62
164,78,68,62
165,78,68,62
166,78,68,62
167,78,68,62
168,78,68,62
169,78,68,62
170,78,68,62
171,78,68,62
172,78,68,62
173,78,68,62
174,78,68,62
175,78,68,62
176,78,68,62
177,78,68,62
178,78,68,62
179,78,68,62
180,78,68,62
181,78,68,62
182,78,68,62
183,78,68,62
184,78,68,62
185,78,68,62
186,78,68,62
187,78,68,62
188,78,68,62
189,78,68,62
190,78,68,62
191,78,68,62
192,78,68,62
193,78,68,62
194,78,68,62
195,78,68,62
196,78,68,62
197,78,68,62
198,78,68,62
199,78,68,62
200,78,68,62
201,78,68,62
202,78,68,62
203,78,68,62
204,78,68,62
205,78,68,62
206,78,68,62
207,78,68,62
208,78,68,62
209,78,68,62
210,78,68,62
211,78,68,62
212,78,68,62
213,78,68,62
214,78,68,62
215,78,68,62
216,78,68,62
217,78,68,62
218,78,68,62
219,78,68,62
220,78,68,62
221,78,68,62
222,78,68,62
223,78,68,62
224,78,68,62
225,78,68,62
226,78,68,62
227,78,68,62
228,78,68,62
229,78,68,62
230,78,68,62
231,78,68,62
232,78,68,62
233,78,68,62
234,78,68,62
235,78,68,62
236,78,68,62
237,78,68,62
238,78,68,62
239,78,68,62
240,78,68,62
241,78,68,62
242,78,68,62
243,78,68,62
244,78,68,62
245,78,68,62
246,78,68,62
247,78,68,62
248,78,68,62
249,78,68,62
250,78,68,62
251,78,68,62
252,78,68,62
253,78,68,62
254,78,68,62
255,78,68,62
256,78,68,62
257,78,68,62
258,78,68,62
259,78,68,62
260,78,68,62
261,78,68,62
262,78,68,62
263,78,68,62
264,78,68,62
265,78,68,62
266,78,68,62
267,78,68,62
268,78,68,62
269,78,68,62
270,78,68,62
271,78,68,62
272,78,68,62
273,78,68,62
274,78,68,62
275,78,68,62
276,78,68,62
277,78,68,62
278,78,68,62
279,78,68,62
280,78,68,62
281,78,68,62
282,78,68,62
283,78,68,62
284,78,68,62
285,78,68,62
286,78,68,62
287,78,68,62
288,78,68,62
289,78,68,62
290,78,68,62
291,78,68,62
292,78,68,62
293,78,68,62
294,78,68,62
295,78,68,62
296,78,68,62
297,78,68,62
298,78,68,62
299,78,68,62
300,78,68,62
301,78,68,62
302,78,68,62
303,78,68,62
304,78,68,62
305,78,68,62
306,78,68,62
307,78,68,62
308,78,68,62
309,78,68,62
310,78,68,62
311,Null,68,Null